name,total_return,ann_return,ann_vol,sharpe,sortino,max_drawdown,calmar,n_days,arith_sharpe_ann,rebalances,avg_turnover,total_costs,avg_max_weight,avg_n_eff
HRP,4.174935828602413,0.2982038540806615,0.8195363777591875,0.3638689656413101,0.4548241108009045,-0.8497433576228381,0.3509340219085542,2299,0.7414912852569752,76.0,0.3596762050716636,0.0377631143976827,0.1118812494786942,29.792428605001227
HRP_Detoned,3.342050891206517,0.2625350056195967,0.8216031148693721,0.3195399346329615,0.4029018105266738,-0.8487420037896669,0.3093225084270219,2299,0.7082314111689467,76.0,0.2634038060017595,0.0284276639015721,0.0805861429865197,31.884195728300902
HRP_PartialCorr,3.663311647114152,0.2769240274121876,0.8099158282042828,0.3419170459060837,0.4289776513020812,-0.8423247227123408,0.3287616045751027,2299,0.7203422281668816,76.0,0.2355275723384201,0.0257957130520048,0.0978142048004828,29.64048997395119
HRP_Dynamic_94,4.418723665468818,0.3077264963690251,0.8050887713233162,0.3822267895541733,0.4767429911696311,-0.8480905739572684,0.3628462640884512,2299,0.7491205196333437,76.0,0.4743759113903895,0.0477453180097482,0.1266175896619239,26.309595331977736
HRP_TailDep,3.3690657168438847,0.263778863890288,0.8099878043485426,0.3256578216044132,0.4062163143911575,-0.8516137925324079,0.3097400091488654,2299,0.7078031909091358,76.0,0.3646846645111199,0.0379596946247534,0.1094784610653821,29.190259814825737
HRP_TailDepShrunk,3.1838008435588723,0.2551150048962396,0.8165698786003249,0.3124227473753133,0.390193182953185,-0.8509675500776488,0.2997940460514164,2299,0.7007095108942054,76.0,0.351989384311331,0.0368672684163162,0.0953610462189045,31.49784787558249
HRP_ShrunkCov,4.276804542116166,0.3022279189351289,0.8202116738066915,0.3684755150246232,0.4613121332402746,-0.8512756170416174,0.35502945566025,2299,0.745519988712384,76.0,0.3531987957899247,0.0372073977805044,0.103938968092741,30.50385789019617
HRP_VolStd,4.020688909790166,0.2919820006355387,0.8139318179219734,0.3587302943642009,0.4474106663850593,-0.8558301734550047,0.3411681542575218,2299,0.735432120171615,76.0,0.3675256211825427,0.0385866786391179,0.1101647362210371,29.49087785151124
IVP,3.1127044675038933,0.251704335990077,0.8169012241522217,0.3081208946054589,0.3880694907920735,-0.8464470538021068,0.2973657181030529,2299,0.6968590032705356,76.0,0.1824848444861555,0.0209644773738576,0.0844331044523075,32.48515651340454
MVP,28.6698703566812,0.7129777552703678,0.7722407853004951,0.923258352630175,1.2928834151772977,-0.7959581089647598,0.8957478380334386,2299,1.0565159919370786,76.0,0.3808951887261086,0.0371212037714488,0.5030947108029311,3.261134057065492
ERC,2.3257400484956245,0.2102007817492028,0.8423915698682966,0.2495285912964046,0.314838159401985,-0.8692315644052097,0.2418236869861453,2299,0.662612847560485,76.0,0.1946646653364198,0.0230339882962332,0.0485039819222936,41.91705448763216
MaxDiv,3.643751288697175,0.2760721662048493,0.932672985680893,0.2960010319193541,0.395709396230134,-0.9304893838638124,0.2966956646603241,2299,0.7187210017394093,76.0,0.5533196049170785,0.0593738735750319,0.2194209258749096,8.439377201265637
CS_MOM_eq21,2.1704763289548294,0.2010494077871312,0.89957695845986,0.2234932830331072,0.2983102843964964,-0.9212315445705748,0.2182398214347392,2299,0.6632657501292915,76.0,1.4202629972366814,0.1324305494505494,0.0790892952077162,13.157894736842104
RM_MOM,1.1810793135037971,0.1317983745093318,0.2249593184497988,0.5858764838796555,0.782428941944743,-0.3971839790432067,0.3318320512998196,2299,0.6631640443658587,76.0,0.3663600816532155,0.0341376804724142,0.0198271665439065,209.63812596377053
MOM_HRP,3.513162399893142,0.2703063252411792,0.8884969530335769,0.3042287588249773,0.4016707595093055,-0.905524422825635,0.2985080450924829,2299,0.7255620321552513,76.0,1.435897144555749,0.1345403575056089,0.1793291579044475,12.572526294999776
HERC,3.326306825397679,0.2618070873171496,0.8442987175805968,0.3100882209881569,0.3873243050986771,-0.8731664300315105,0.2998364095464614,2299,0.7123644345158494,76.0,0.5670187942587909,0.059529446927196,0.1501043190898845,18.7658947726225
NCO,15.030341872130217,0.5534681585691132,0.7823333570685332,0.7074582127534527,0.979368927715156,-0.8240891576826453,0.6716119893210055,2299,0.9330001586152326,76.0,0.5778504981643451,0.0559140548462963,0.4195267881100357,5.256977271455669
HRP_PathSig,3.5084678253623176,0.2700964468506046,0.8136951842870912,0.3319381164670972,0.4168285117111484,-0.8554778659830795,0.3157258154659806,2299,0.7142882395841337,76.0,0.382831477141355,0.0393730935316177,0.1036758323456037,29.353542073730445
HRP_NodeEmbed,3.296680281979535,0.2604312568246443,0.8161448182929765,0.3190993203502221,0.4011182808455558,-0.8523793987301722,0.3055344336250036,2299,0.7051422077297743,76.0,0.3876989840690319,0.0398181317408883,0.0987168129095163,30.127189996185223
HRP_Contrastive,3.028463787994829,0.2475982978329052,0.8143954917678641,0.3040270978114412,0.3815216382815559,-0.849858314129101,0.2913406784596012,2299,0.6921276427480998,76.0,0.3976577760646458,0.0409620662512214,0.1003150608153931,30.193642243988823
HRP_TS2Vec,3.072043780129351,0.2497313858319354,0.8159894080628892,0.3060473375809902,0.3821079231861772,-0.8481308769952541,0.2944491146421649,2299,0.6952203808623745,76.0,0.3879747664555194,0.0399397800561244,0.098705981842585,30.600380058460257
HODL_BTC,7.488009086418272,0.4047206167175416,0.6124103365148525,0.6608650974455362,0.8810773190055345,-0.7662925431645938,0.5281541890596353,2297,0.8677700550348224,,,,,
HRP_Denoised,3.4602211054762613,0.2679287789694455,0.8148666747763749,0.3288007563236939,0.4115008965632898,-0.8440317311124992,0.3174392254379994,2299,0.7122743826174363,76.0,0.3337669707012961,0.0351143804777386,0.1027611690999451,30.552888879120964
NCO_RT,-0.9717820472525502,-0.4324577773377172,1.0615702311968784,-0.4073755693489428,-0.5692675645364202,-0.9917751607470204,-0.4360441705476705,2299,0.0033518796875627,76.0,1.6371384488335154,0.1537363149038509,0.6388894590002875,2.549771323210846
CRISP,16.926827343530633,0.5812919943444497,0.7411418886594079,0.7843194444128669,1.00012500745058,-0.800753782825052,0.7259310000305672,2299,0.9894060901585056,76.0,0.3049822567329693,0.0313243152831657,0.3144836545897227,7.108340997629466
NCO_CRISP,16.131934868018234,0.5699466012751453,0.7622914794145982,0.7476754190048613,0.9304164981567892,-0.8114628117123421,0.7023693421913553,2299,0.9773710037390192,76.0,0.4484855635875638,0.0451108402316231,0.3073412220976865,9.10531347589848
NCOML,5.672910655184184,0.35167461194612004,0.9605586570422866,0.36611466605171444,0.49237278058782513,-0.8469562197878531,0.4152217124448393,2299,0.8035980916013208,76.0,1.586675008180732,0.1493665088933187,0.6813668636764689,2.51790495976094
HRPSigmaMu,1.525754623883116,0.1584718983558464,0.831587575452755,0.19056549548562812,0.24100002304597337,-0.8395655837273102,0.18875463862191602,2299,0.6071705929813238,76.0,1.3839484731084546,0.12999245645030325,0.2677229756264143,8.391033372768907
