,mean_diff,studentized,p_lower,p_consistent,p_upper
avg_linkage::HRP,3.095837307020231e-05,0.856247460061135,0.7334,0.9064,0.909
avg_linkage::HRP_Detoned,-6.995386493416976e-05,-0.6763100236868778,0.7334,0.9064,0.909
avg_linkage::HRP_PartialCorr,-0.00010524413486659822,-1.1971715560084584,0.7334,0.9064,0.909
avg_linkage::HRP_Dynamic_94,-0.00013057342245475373,-1.788255868428572,0.7334,0.9064,0.909
avg_linkage::HRP_TailDep,-5.141670779733352e-05,-0.9730436960891453,0.7334,0.9064,0.909
avg_linkage::HRP_TailDepShrunk,-6.218420459865226e-05,-1.1053641330346111,0.7334,0.9064,0.909
avg_linkage::HRP_ShrunkCov,4.782233369160874e-05,1.2287090232494389,0.7334,0.9064,0.909
avg_linkage::HRP_VolStd,8.409312732441008e-06,0.21466369837583946,0.7334,0.9064,0.909
avg_linkage::HRP_PathSig,-6.352985301510048e-05,-1.0207539000709354,0.7334,0.9064,0.909
avg_linkage::HRP_NodeEmbed,-9.078325667979176e-05,-1.2860428886012631,0.7334,0.9064,0.909
avg_linkage::HRP_Contrastive,-6.986008713184246e-05,-1.076039435017063,0.7334,0.9064,0.909
avg_linkage::HRP_TS2Vec,-0.00012273055178464452,-1.4779364156772898,0.7334,0.9064,0.909
corrdist::pearson _ldp     _average,3.095837307020231e-05,0.856247460061135,0.7334,0.9064,0.909
corrdist::pearson _absolute_average,-3.7299087804229597e-06,-0.10360970963566037,0.7334,0.9064,0.909
corrdist::pearson _angular _average,2.170047824865693e-05,0.6044944908462011,0.7334,0.9064,0.909
corrdist::pearson _squared _average,-3.7299087804229597e-06,-0.10360970963566037,0.7334,0.9064,0.909
corrdist::spearman_ldp     _single,-0.0001162619070986463,-1.9294812718574903,0.7334,0.9064,0.909
corrdist::spearman_ldp     _average,-2.4678720533922845e-06,-0.03884272710454984,0.7334,0.9064,0.909
corrdist::spearman_absolute_single,-0.0001162619070986463,-1.9294812718574903,0.7334,0.9064,0.909
corrdist::spearman_absolute_average,-3.277165218580457e-05,-0.5022180987281418,0.7334,0.9064,0.909
corrdist::spearman_angular _single,-0.0001162619070986463,-1.9294812718574903,0.7334,0.9064,0.909
corrdist::spearman_angular _average,-3.303326935889738e-05,-0.5082329782669289,0.7334,0.9064,0.909
corrdist::spearman_squared _single,-0.0001162619070986463,-1.9294812718574903,0.7334,0.9064,0.909
corrdist::spearman_squared _average,-3.277165218580457e-05,-0.5022180987281418,0.7334,0.9064,0.909
corrdist::kendall _ldp     _single,-5.545789636051227e-05,-1.2386707308192857,0.7334,0.9064,0.909
corrdist::kendall _ldp     _average,-3.659691883911186e-05,-0.7448337105147428,0.7334,0.9064,0.909
corrdist::kendall _absolute_single,-5.545789636051227e-05,-1.2386707308192857,0.7334,0.9064,0.909
corrdist::kendall _absolute_average,-3.3314456689477095e-05,-0.6738682695076089,0.7334,0.9064,0.909
corrdist::kendall _angular _single,-5.545789636051227e-05,-1.2386707308192857,0.7334,0.9064,0.909
corrdist::kendall _angular _average,-2.9654156726222777e-05,-0.6075979385493211,0.7334,0.9064,0.909
corrdist::kendall _squared _single,-5.545789636051227e-05,-1.2386707308192857,0.7334,0.9064,0.909
corrdist::kendall _squared _average,-3.3314456689477095e-05,-0.6738682695076089,0.7334,0.9064,0.909
detoned::Detoned_n1_ldp     _single,-7.066835231443295e-05,-0.6966282212317461,0.7334,0.9064,0.909
detoned::Detoned_n1_ldp     _average,-6.995386493416976e-05,-0.6763100236868778,0.7334,0.9064,0.909
detoned::Detoned_n1_ldp     _ward,-0.00010651022431587436,-1.1713190970246083,0.7334,0.9064,0.909
detoned::Detoned_n1_absolute_single,-0.00010422764296497039,-1.1318790779272583,0.7334,0.9064,0.909
detoned::Detoned_n1_absolute_average,-0.00013204949594307366,-1.439774400725953,0.7334,0.9064,0.909
detoned::Detoned_n1_absolute_ward,-0.0001209304244069351,-1.3089335395474575,0.7334,0.9064,0.909
detoned::Detoned_n1_angular _single,-7.066835231443295e-05,-0.6966282212317461,0.7334,0.9064,0.909
detoned::Detoned_n1_angular _average,-6.975990713438037e-05,-0.6743878982962862,0.7334,0.9064,0.909
detoned::Detoned_n1_angular _ward,-9.928041158755879e-05,-1.0078948004390444,0.7334,0.9064,0.909
detoned::Detoned_n1_squared _single,-7.066835231443295e-05,-0.6966282212317461,0.7334,0.9064,0.909
detoned::Detoned_n1_squared _average,-6.975990713438037e-05,-0.6743878982962862,0.7334,0.9064,0.909
detoned::Detoned_n1_squared _ward,-0.00010361710595565154,-1.0502553351744326,0.7334,0.9064,0.909
detoned::Detoned_n2_ldp     _single,-0.00012225660120424487,-1.164979161913147,0.7334,0.9064,0.909
detoned::Detoned_n2_ldp     _average,-0.00014509041251445376,-1.334450067999222,0.7334,0.9064,0.909
detoned::Detoned_n2_ldp     _ward,-0.0001060720193507674,-1.0967957102346295,0.7334,0.9064,0.909
detoned::Detoned_n2_absolute_single,-0.0001122643719158415,-1.1218745425221168,0.7334,0.9064,0.909
detoned::Detoned_n2_absolute_average,-0.0001368012142376326,-1.4397809922728582,0.7334,0.9064,0.909
detoned::Detoned_n2_absolute_ward,-0.0001289735010923419,-1.3076091015924391,0.7334,0.9064,0.909
detoned::Detoned_n2_angular _single,-0.00012225660120424487,-1.164979161913147,0.7334,0.9064,0.909
detoned::Detoned_n2_angular _average,-0.00014265693158450006,-1.3161526358881237,0.7334,0.9064,0.909
detoned::Detoned_n2_angular _ward,-0.00010514192871156582,-1.0870072076818174,0.7334,0.9064,0.909
detoned::Detoned_n2_squared _single,-0.00012225660120424487,-1.164979161913147,0.7334,0.9064,0.909
detoned::Detoned_n2_squared _average,-0.00014283883649437374,-1.3178723262037422,0.7334,0.9064,0.909
detoned::Detoned_n2_squared _ward,-0.00010756848144518337,-1.1127641667429682,0.7334,0.9064,0.909
detoned::Detoned_n3_ldp     _single,-0.00016235942952915025,-1.3864863125831235,0.7334,0.9064,0.909
detoned::Detoned_n3_ldp     _average,-0.00020040810135343092,-1.5455069657600151,0.7334,0.9064,0.909
detoned::Detoned_n3_ldp     _ward,-0.0001227920928782485,-1.1304752382687309,0.7334,0.9064,0.909
detoned::Detoned_n3_absolute_single,-0.00019356176014816384,-1.4942710471450948,0.7334,0.9064,0.909
detoned::Detoned_n3_absolute_average,-0.00022206152788033253,-1.835825866067583,0.7334,0.9064,0.909
detoned::Detoned_n3_absolute_ward,-0.00015364815350555873,-1.4936523353520819,0.7334,0.9064,0.909
detoned::Detoned_n3_angular _single,-0.00016235942952915025,-1.3864863125831235,0.7334,0.9064,0.909
detoned::Detoned_n3_angular _average,-0.000198676926613194,-1.538024581290777,0.7334,0.9064,0.909
detoned::Detoned_n3_angular _ward,-0.00011652735530099258,-1.0702749362645443,0.7334,0.9064,0.909
detoned::Detoned_n3_squared _single,-0.00016235942952915025,-1.3864863125831235,0.7334,0.9064,0.909
detoned::Detoned_n3_squared _average,-0.00019965338793180026,-1.5483621464884854,0.7334,0.9064,0.909
detoned::Detoned_n3_squared _ward,-0.00011815375381121899,-1.0795580247319287,0.7334,0.9064,0.909
dynamic::Dynamic_lam0.85_single,-6.70099738580875e-05,-0.8820312807123263,0.7334,0.9064,0.909
dynamic::Dynamic_lam0.85_average,-0.00012133391238048139,-1.449942124361326,0.7334,0.9064,0.909
dynamic::Dynamic_lam0.85_ward,-0.00010492452419301872,-1.2074460321709823,0.7334,0.9064,0.909
dynamic::Dynamic_lam0.90_single,-3.5929533917355194e-05,-0.5209867035753055,0.7334,0.9064,0.909
dynamic::Dynamic_lam0.90_average,-0.0001492583981747513,-2.058267338936635,0.7334,0.9064,0.909
dynamic::Dynamic_lam0.90_ward,-2.562955566448675e-05,-0.31340579651386385,0.7334,0.9064,0.909
dynamic::Dynamic_lam0.94_single,-1.2522091328254717e-05,-0.17876278135062648,0.7334,0.9064,0.909
dynamic::Dynamic_lam0.94_average,-0.00013057342245475373,-1.788255868428572,0.7334,0.9064,0.909
dynamic::Dynamic_lam0.94_ward,-6.739989747319924e-05,-1.0423127361788378,0.7334,0.9064,0.909
dynamic::Dynamic_lam0.96_single,-6.370167411051636e-05,-0.9275942391868903,0.7334,0.9064,0.909
dynamic::Dynamic_lam0.96_average,-0.00013228356186601334,-1.772787387296489,0.7334,0.9064,0.909
dynamic::Dynamic_lam0.96_ward,-0.00011232612018572412,-1.5495049062147914,0.7334,0.9064,0.909
dynamic::Dynamic_lam0.97_single,-8.314789525686412e-05,-1.1023216271730445,0.7334,0.9064,0.909
dynamic::Dynamic_lam0.97_average,-7.049810300969016e-05,-1.0479694744795844,0.7334,0.9064,0.909
dynamic::Dynamic_lam0.97_ward,-0.00011908790177804054,-1.9682966988079786,0.7334,0.9064,0.909
dynamic::Dynamic_lam0.98_single,-6.870417786039926e-05,-0.9310322168914049,0.7334,0.9064,0.909
dynamic::Dynamic_lam0.98_average,-3.288961295087477e-05,-0.4797846339820285,0.7334,0.9064,0.909
dynamic::Dynamic_lam0.98_ward,-0.0001274602869729117,-2.0581335842307307,0.7334,0.9064,0.909
dynamic::Dynamic_lam0.99_single,-1.235246052044909e-05,-0.28458611855021115,0.7334,0.9064,0.909
dynamic::Dynamic_lam0.99_average,-1.2285978176447555e-05,-0.27180704646177717,0.7334,0.9064,0.909
dynamic::Dynamic_lam0.99_ward,-0.00013008413744554804,-2.3150080744928516,0.7334,0.9064,0.909
encoders_ext::ContrastiveX_ret+full6_single,-0.00010009179826109775,-1.4640528578348102,0.7334,0.9064,0.909
encoders_ext::ContrastiveX_ret+full6_average,-7.067117281310035e-05,-1.1369436704976603,0.7334,0.9064,0.909
encoders_ext::ContrastiveX_ret+full6_complete,-2.3962741036070467e-05,-0.34609350469670175,0.7334,0.9064,0.909
encoders_ext::TS2VecX_ret+full6_single,-5.369059153093557e-05,-0.9322160894851521,0.7334,0.9064,0.909
encoders_ext::TS2VecX_ret+full6_average,-5.0609157246768025e-05,-0.7906989035310193,0.7334,0.9064,0.909
encoders_ext::TS2VecX_ret+full6_complete,-2.0853773878537873e-05,-0.3415442650186569,0.7334,0.9064,0.909
encoders_mc::ContrastiveMC_ret_single,-1.958130384405487e-05,-0.3785119270549309,0.7334,0.9064,0.909
encoders_mc::ContrastiveMC_ret_average,-8.220601046552263e-05,-1.1599273700696766,0.7334,0.9064,0.909
encoders_mc::ContrastiveMC_ret_complete,-0.00011558748978797507,-1.3798523296715437,0.7334,0.9064,0.909
encoders_mc::ContrastiveMC_ret+vol_single,-9.664756543689751e-05,-1.4945081923176942,0.7334,0.9064,0.909
encoders_mc::ContrastiveMC_ret+vol_average,-7.270209657694872e-05,-0.9595856954742755,0.7334,0.9064,0.909
encoders_mc::ContrastiveMC_ret+vol_complete,-2.995774995421524e-05,-0.4869086830489541,0.7334,0.9064,0.909
encoders_mc::ContrastiveMC_ret+vol+ntr_single,-8.879506478170472e-05,-1.3348544139187017,0.7334,0.9064,0.909
encoders_mc::ContrastiveMC_ret+vol+ntr_average,-5.860138315677567e-06,-0.10075639648675588,0.7334,0.9064,0.909
encoders_mc::ContrastiveMC_ret+vol+ntr_complete,-2.3768807459279293e-05,-0.3800291622062097,0.7334,0.9064,0.909
encoders_mc::TS2VecMC_ret_single,-8.137309456571842e-05,-1.3779757494627713,0.7334,0.9064,0.909
encoders_mc::TS2VecMC_ret_average,-7.067253697583098e-05,-1.0552495495722027,0.7334,0.9064,0.909
encoders_mc::TS2VecMC_ret_complete,-0.00015528694942724107,-1.926384423660419,0.7334,0.9064,0.909
encoders_mc::TS2VecMC_ret+vol_single,-3.287883114760258e-05,-0.46860866370177084,0.7334,0.9064,0.909
encoders_mc::TS2VecMC_ret+vol_average,-6.205931814576529e-05,-0.9127943059995216,0.7334,0.9064,0.909
encoders_mc::TS2VecMC_ret+vol_complete,-7.660198925982835e-05,-1.1513588650186855,0.7334,0.9064,0.909
encoders_mc::TS2VecMC_ret+vol+ntr_single,-2.621226548785785e-05,-0.4683993867928956,0.7334,0.9064,0.909
encoders_mc::TS2VecMC_ret+vol+ntr_average,-1.9205832269969925e-05,-0.3280117217359648,0.7334,0.9064,0.909
encoders_mc::TS2VecMC_ret+vol+ntr_complete,-8.722110029792903e-05,-1.4336368128522805,0.7334,0.9064,0.909
nodeembed::NE_d16_k5_absolute_corr_single,-6.497274029783336e-05,-0.9943328474390253,0.7334,0.9064,0.909
nodeembed::NE_d16_k5_absolute_corr_average,-1.9155225104788093e-05,-0.2943634382004044,0.7334,0.9064,0.909
nodeembed::NE_d16_k5_signed_shift _single,-0.0001324894014006195,-1.7216189633916645,0.7334,0.9064,0.909
nodeembed::NE_d16_k5_signed_shift _average,-0.00011012069690914875,-1.2007792222464362,0.7334,0.9064,0.909
nodeembed::NE_d16_k5_distance     _single,-9.512649096633733e-05,-1.2687901105350143,0.7334,0.9064,0.909
nodeembed::NE_d16_k5_distance     _average,-5.9496452148652816e-05,-0.8895091467455661,0.7334,0.9064,0.909
nodeembed::NE_d16_k10_absolute_corr_single,2.2094309840541142e-05,0.29916450517556037,0.7334,0.9064,0.909
nodeembed::NE_d16_k10_absolute_corr_average,-0.00011011460889049167,-1.5768431253658861,0.7334,0.9064,0.909
nodeembed::NE_d16_k10_signed_shift _single,-7.354762516721336e-05,-1.0363716119190431,0.7334,0.9064,0.909
nodeembed::NE_d16_k10_signed_shift _average,-5.44269295905755e-05,-0.68206275267747,0.7334,0.9064,0.909
nodeembed::NE_d16_k10_distance     _single,-0.00013632133052983374,-1.6255150666833222,0.7334,0.9064,0.909
nodeembed::NE_d16_k10_distance     _average,-4.9205853592565114e-05,-0.683762652973235,0.7334,0.9064,0.909
nodeembed::NE_d16_k15_absolute_corr_single,-6.071769055179188e-05,-0.8063393198749153,0.7334,0.9064,0.909
nodeembed::NE_d16_k15_absolute_corr_average,-3.356264447161105e-05,-0.42923816731282644,0.7334,0.9064,0.909
nodeembed::NE_d16_k15_signed_shift _single,-3.390067293501897e-05,-0.5531394674401774,0.7334,0.9064,0.909
nodeembed::NE_d16_k15_signed_shift _average,-7.322489520974846e-05,-1.0199801583880945,0.7334,0.9064,0.909
nodeembed::NE_d16_k15_distance     _single,-2.5935169445047726e-05,-0.39342848888804527,0.7334,0.9064,0.909
nodeembed::NE_d16_k15_distance     _average,-8.772764310713171e-05,-1.2936308341946297,0.7334,0.9064,0.909
nodeembed::NE_d32_k5_absolute_corr_single,-0.0001616344913965253,-1.9750974978238054,0.7334,0.9064,0.909
nodeembed::NE_d32_k5_absolute_corr_average,-5.10793488252004e-05,-0.7279837119669436,0.7334,0.9064,0.909
nodeembed::NE_d32_k5_signed_shift _single,-0.00013132436746653823,-1.5930968129733918,0.7334,0.9064,0.909
nodeembed::NE_d32_k5_signed_shift _average,-0.00013351313958770392,-1.7908510958191475,0.7334,0.9064,0.909
nodeembed::NE_d32_k5_distance     _single,-8.799052225010414e-05,-1.3345114704850625,0.7334,0.9064,0.909
nodeembed::NE_d32_k5_distance     _average,-8.234481744622777e-05,-1.2396918873701568,0.7334,0.9064,0.909
nodeembed::NE_d32_k10_absolute_corr_single,-9.274855425073428e-05,-1.3188539046002175,0.7334,0.9064,0.909
nodeembed::NE_d32_k10_absolute_corr_average,-0.00012492466008141943,-1.4121376747143093,0.7334,0.9064,0.909
nodeembed::NE_d32_k10_signed_shift _single,-0.00011434855931983438,-1.6498222010642236,0.7334,0.9064,0.909
nodeembed::NE_d32_k10_signed_shift _average,-3.036872014775424e-05,-0.45332546496386417,0.7334,0.9064,0.909
nodeembed::NE_d32_k10_distance     _single,-7.350510996256204e-05,-1.1388607001939999,0.7334,0.9064,0.909
nodeembed::NE_d32_k10_distance     _average,-8.150311050109124e-05,-0.9849065686551783,0.7334,0.9064,0.909
nodeembed::NE_d32_k15_absolute_corr_single,-3.486963337686026e-05,-0.5243764142568946,0.7334,0.9064,0.909
nodeembed::NE_d32_k15_absolute_corr_average,-0.00010780873124176731,-1.6410100265356058,0.7334,0.9064,0.909
nodeembed::NE_d32_k15_signed_shift _single,-2.8748515044947402e-05,-0.40307202421789734,0.7334,0.9064,0.909
nodeembed::NE_d32_k15_signed_shift _average,-5.577309341385062e-05,-0.785647164518423,0.7334,0.9064,0.909
nodeembed::NE_d32_k15_distance     _single,-0.00010649762073151787,-1.5711256994271745,0.7334,0.9064,0.909
nodeembed::NE_d32_k15_distance     _average,-4.797564524056692e-05,-0.7101879471930631,0.7334,0.9064,0.909
nodeembed::NE_d64_k5_absolute_corr_single,-0.00018770989375073782,-2.143872597865928,0.7334,0.9064,0.909
nodeembed::NE_d64_k5_absolute_corr_average,-3.785929022939365e-05,-0.542488112455554,0.7334,0.9064,0.909
nodeembed::NE_d64_k5_signed_shift _single,-6.214725616310924e-05,-0.7744181698201894,0.7334,0.9064,0.909
nodeembed::NE_d64_k5_signed_shift _average,-0.00012647085967116138,-1.7428362179487276,0.7334,0.9064,0.909
nodeembed::NE_d64_k5_distance     _single,-3.2007960242101627e-05,-0.43967116498777215,0.7334,0.9064,0.909
nodeembed::NE_d64_k5_distance     _average,-9.11389803204684e-05,-1.2096933237585827,0.7334,0.9064,0.909
nodeembed::NE_d64_k10_absolute_corr_single,-9.56854271332909e-05,-1.3236572132592492,0.7334,0.9064,0.909
nodeembed::NE_d64_k10_absolute_corr_average,-7.56139550236864e-05,-1.117056675578999,0.7334,0.9064,0.909
nodeembed::NE_d64_k10_signed_shift _single,-7.035805839423132e-05,-1.0648794129139032,0.7334,0.9064,0.909
nodeembed::NE_d64_k10_signed_shift _average,-6.429578647353833e-05,-0.9605568038505218,0.7334,0.9064,0.909
nodeembed::NE_d64_k10_distance     _single,-9.17477326302437e-05,-1.3602571327498472,0.7334,0.9064,0.909
nodeembed::NE_d64_k10_distance     _average,-8.58873075403966e-05,-1.0419477190906374,0.7334,0.9064,0.909
nodeembed::NE_d64_k15_absolute_corr_single,-9.552979956585618e-05,-1.34736427264014,0.7334,0.9064,0.909
nodeembed::NE_d64_k15_absolute_corr_average,-0.00011186932675607143,-1.663373044978193,0.7334,0.9064,0.909
nodeembed::NE_d64_k15_signed_shift _single,-6.94038126952698e-05,-1.024305506520602,0.7334,0.9064,0.909
nodeembed::NE_d64_k15_signed_shift _average,-7.004096946837307e-05,-0.9410832186296156,0.7334,0.9064,0.909
nodeembed::NE_d64_k15_distance     _single,-8.098023896187133e-05,-1.0527731030192105,0.7334,0.9064,0.909
nodeembed::NE_d64_k15_distance     _average,-6.800145623438855e-05,-1.0283383439017166,0.7334,0.9064,0.909
partialcorr_full::PC_a5e-04_ldp     _single,-4.003611001529398e-05,-0.4934954331444134,0.7334,0.9064,0.909
partialcorr_full::PC_a5e-04_ldp     _average,-4.646497694105654e-05,-0.5817565564498078,0.7334,0.9064,0.909
partialcorr_full::PC_a5e-04_ldp     _complete,-3.7437562183110944e-05,-0.4434340988701627,0.7334,0.9064,0.909
partialcorr_full::PC_a5e-04_ldp     _ward,-3.306324872218474e-05,-0.4326413623324786,0.7334,0.9064,0.909
partialcorr_full::PC_a5e-04_absolute_single,-4.003611001529398e-05,-0.4934954331444134,0.7334,0.9064,0.909
partialcorr_full::PC_a5e-04_absolute_average,-1.9269488740125995e-05,-0.2423180870760333,0.7334,0.9064,0.909
partialcorr_full::PC_a5e-04_absolute_complete,-2.936936355468751e-05,-0.35663063888487245,0.7334,0.9064,0.909
partialcorr_full::PC_a5e-04_absolute_ward,-2.6049097250252218e-05,-0.3390038186674912,0.7334,0.9064,0.909
partialcorr_full::PC_a5e-04_angular _single,-4.003611001529398e-05,-0.4934954331444134,0.7334,0.9064,0.909
partialcorr_full::PC_a5e-04_angular _average,-4.387798660788865e-05,-0.5500503821147573,0.7334,0.9064,0.909
partialcorr_full::PC_a5e-04_angular _complete,-3.7437562183110944e-05,-0.4434340988701627,0.7334,0.9064,0.909
partialcorr_full::PC_a5e-04_angular _ward,-3.1500196061862505e-05,-0.40433137455732365,0.7334,0.9064,0.909
partialcorr_full::PC_a5e-04_squared _single,-4.003611001529398e-05,-0.4934954331444134,0.7334,0.9064,0.909
partialcorr_full::PC_a5e-04_squared _average,-4.173165146687365e-05,-0.5216193993171265,0.7334,0.9064,0.909
partialcorr_full::PC_a5e-04_squared _complete,-3.7437562183110944e-05,-0.4434340988701627,0.7334,0.9064,0.909
partialcorr_full::PC_a5e-04_squared _ward,-2.8476296231392477e-05,-0.3692402408910301,0.7334,0.9064,0.909
partialcorr_full::PC_a1e-03_ldp     _single,-6.647271143436344e-05,-0.8740102245103528,0.7334,0.9064,0.909
partialcorr_full::PC_a1e-03_ldp     _average,-7.604700391773662e-05,-1.0029686621653922,0.7334,0.9064,0.909
partialcorr_full::PC_a1e-03_ldp     _complete,-7.548274322391884e-05,-0.9196194935245978,0.7334,0.9064,0.909
partialcorr_full::PC_a1e-03_ldp     _ward,-7.019112821002558e-05,-0.9255086489333343,0.7334,0.9064,0.909
partialcorr_full::PC_a1e-03_absolute_single,-6.647271143436344e-05,-0.8740102245103528,0.7334,0.9064,0.909
partialcorr_full::PC_a1e-03_absolute_average,-7.857194626237156e-05,-1.083169834078705,0.7334,0.9064,0.909
partialcorr_full::PC_a1e-03_absolute_complete,-8.743494860979888e-05,-1.0691173061785288,0.7334,0.9064,0.909
partialcorr_full::PC_a1e-03_absolute_ward,-6.371878533858422e-05,-0.8376479380236777,0.7334,0.9064,0.909
partialcorr_full::PC_a1e-03_angular _single,-6.647271143436344e-05,-0.8740102245103528,0.7334,0.9064,0.909
partialcorr_full::PC_a1e-03_angular _average,-7.640215941814235e-05,-1.005552038443439,0.7334,0.9064,0.909
partialcorr_full::PC_a1e-03_angular _complete,-7.548274322391884e-05,-0.9196194935245978,0.7334,0.9064,0.909
partialcorr_full::PC_a1e-03_angular _ward,-6.147077178822067e-05,-0.8073571061874185,0.7334,0.9064,0.909
partialcorr_full::PC_a1e-03_squared _single,-6.647271143436344e-05,-0.8740102245103528,0.7334,0.9064,0.909
partialcorr_full::PC_a1e-03_squared _average,-7.100852744108684e-05,-0.9701405186062844,0.7334,0.9064,0.909
partialcorr_full::PC_a1e-03_squared _complete,-7.548274322391884e-05,-0.9196194935245978,0.7334,0.9064,0.909
partialcorr_full::PC_a1e-03_squared _ward,-7.087363965031293e-05,-0.9378250469217672,0.7334,0.9064,0.909
partialcorr_full::PC_a2e-03_ldp     _single,-6.041854816295025e-05,-0.7160416328528297,0.7334,0.9064,0.909
partialcorr_full::PC_a2e-03_ldp     _average,-5.469352484303888e-05,-0.6616596882904915,0.7334,0.9064,0.909
partialcorr_full::PC_a2e-03_ldp     _complete,-8.986119953144692e-05,-1.064797606066035,0.7334,0.9064,0.909
partialcorr_full::PC_a2e-03_ldp     _ward,-7.410110048098124e-05,-0.8999770960291519,0.7334,0.9064,0.909
partialcorr_full::PC_a2e-03_absolute_single,-6.041854816295025e-05,-0.7160416328528297,0.7334,0.9064,0.909
partialcorr_full::PC_a2e-03_absolute_average,-5.969827769475719e-05,-0.7195118040717797,0.7334,0.9064,0.909
partialcorr_full::PC_a2e-03_absolute_complete,-8.986119953144692e-05,-1.064797606066035,0.7334,0.9064,0.909
partialcorr_full::PC_a2e-03_absolute_ward,-6.71004135132047e-05,-0.8247378730793986,0.7334,0.9064,0.909
partialcorr_full::PC_a2e-03_angular _single,-6.041854816295025e-05,-0.7160416328528297,0.7334,0.9064,0.909
partialcorr_full::PC_a2e-03_angular _average,-5.907979143107898e-05,-0.7119636887740056,0.7334,0.9064,0.909
partialcorr_full::PC_a2e-03_angular _complete,-8.986119953144692e-05,-1.064797606066035,0.7334,0.9064,0.909
partialcorr_full::PC_a2e-03_angular _ward,-7.351154616725191e-05,-0.9003166193629166,0.7334,0.9064,0.909
partialcorr_full::PC_a2e-03_squared _single,-6.041854816295025e-05,-0.7160416328528297,0.7334,0.9064,0.909
partialcorr_full::PC_a2e-03_squared _average,-5.969827769475719e-05,-0.7195118040717797,0.7334,0.9064,0.909
partialcorr_full::PC_a2e-03_squared _complete,-8.986119953144692e-05,-1.064797606066035,0.7334,0.9064,0.909
partialcorr_full::PC_a2e-03_squared _ward,-6.71004135132047e-05,-0.8247378730793986,0.7334,0.9064,0.909
partialcorr::PartialCorr_a5e-04_single,-4.003611001529398e-05,-0.4934954331444134,0.7334,0.9064,0.909
partialcorr::PartialCorr_a5e-04_average,-4.646497694105654e-05,-0.5817565564498078,0.7334,0.9064,0.909
partialcorr::PartialCorr_a1e-03_single,-6.647271143436344e-05,-0.8740102245103528,0.7334,0.9064,0.909
partialcorr::PartialCorr_a1e-03_average,-7.604700391773662e-05,-1.0029686621653922,0.7334,0.9064,0.909
partialcorr::PartialCorr_a2e-03_single,-6.041854816295025e-05,-0.7160416328528297,0.7334,0.9064,0.909
partialcorr::PartialCorr_a2e-03_average,-5.469352484303888e-05,-0.6616596882904915,0.7334,0.9064,0.909
partialcorr::PartialCorr_a3e-03_single,-0.00010689078224052813,-1.1694527219279265,0.7334,0.9064,0.909
partialcorr::PartialCorr_a3e-03_average,-9.976937755785285e-05,-1.107730791692098,0.7334,0.9064,0.909
partialcorr::PartialCorr_a5e-03_single,-0.00011228027690314878,-1.2692457096843595,0.7334,0.9064,0.909
partialcorr::PartialCorr_a5e-03_average,-0.00010720780349817177,-1.2140079508613215,0.7334,0.9064,0.909
partialcorr::PartialCorr_CV_single,-7.153593851005542e-05,-0.8640312622465716,0.7334,0.9064,0.909
partialcorr::PartialCorr_CV_average,-6.285199862021225e-05,-0.8372605065445812,0.7334,0.9064,0.909
pathsig_ext::PathSigX_ret_L2_w60_single,-6.932219684741471e-05,-1.0639088525838396,0.7334,0.9064,0.909
pathsig_ext::PathSigX_ret_L2_w60_average,-4.109571509886283e-05,-0.7233221527951451,0.7334,0.9064,0.909
pathsig_ext::PathSigX_ret_L2_w60_complete,-2.7588825773773113e-05,-0.44341604533159734,0.7334,0.9064,0.909
pathsig_ext::PathSigX_ret_L2_w90_single,-6.190186238110217e-05,-1.0755304682274351,0.7334,0.9064,0.909
pathsig_ext::PathSigX_ret_L2_w90_average,-7.65858700311595e-05,-1.2567020527553243,0.7334,0.9064,0.909
pathsig_ext::PathSigX_ret_L2_w90_complete,-0.00010470259749837668,-1.6139402119828123,0.7334,0.9064,0.909
pathsig_ext::PathSigX_ret_L3_w60_single,-7.25100857999788e-05,-1.1994721587116555,0.7334,0.9064,0.909
pathsig_ext::PathSigX_ret_L3_w60_average,-6.352985301510048e-05,-1.0207539000709354,0.7334,0.9064,0.909
pathsig_ext::PathSigX_ret_L3_w60_complete,-6.77635744545035e-05,-1.1445564920387394,0.7334,0.9064,0.909
pathsig_ext::PathSigX_ret_L3_w90_single,-6.065401069024197e-05,-1.052451455770753,0.7334,0.9064,0.909
pathsig_ext::PathSigX_ret_L3_w90_average,-7.925445533422394e-05,-1.234991471099188,0.7334,0.9064,0.909
pathsig_ext::PathSigX_ret_L3_w90_complete,-3.860001264855825e-05,-0.6489549517714848,0.7334,0.9064,0.909
pathsig_ext::PathSigX_ret+vol+ntr_L2_w60_single,-0.00010014092148193298,-1.275666485511879,0.7334,0.9064,0.909
pathsig_ext::PathSigX_ret+vol+ntr_L2_w60_average,-2.5662782204153665e-05,-0.36342389546641696,0.7334,0.9064,0.909
pathsig_ext::PathSigX_ret+vol+ntr_L2_w60_complete,-5.551302010042925e-05,-0.8706951852976839,0.7334,0.9064,0.909
pathsig_ext::PathSigX_ret+vol+ntr_L2_w90_single,-3.144829443460297e-05,-0.498354102046662,0.7334,0.9064,0.909
pathsig_ext::PathSigX_ret+vol+ntr_L2_w90_average,-7.157019620503041e-05,-1.0715038311196974,0.7334,0.9064,0.909
pathsig_ext::PathSigX_ret+vol+ntr_L2_w90_complete,-0.00014296300312412934,-1.899191500673835,0.7334,0.9064,0.909
pathsig_ext::PathSigX_ret+vol+ntr_L3_w60_single,-4.234754181339215e-05,-0.6482226713420748,0.7334,0.9064,0.909
pathsig_ext::PathSigX_ret+vol+ntr_L3_w60_average,-7.758413640867768e-05,-1.1403595592016063,0.7334,0.9064,0.909
pathsig_ext::PathSigX_ret+vol+ntr_L3_w60_complete,-6.997566604331946e-05,-1.1338073797306196,0.7334,0.9064,0.909
pathsig_ext::PathSigX_ret+vol+ntr_L3_w90_single,-3.938553761517888e-05,-0.6027917334911564,0.7334,0.9064,0.909
pathsig_ext::PathSigX_ret+vol+ntr_L3_w90_average,-5.367006431797139e-05,-0.8398718857240366,0.7334,0.9064,0.909
pathsig_ext::PathSigX_ret+vol+ntr_L3_w90_complete,-4.583938486630203e-05,-0.606386008932355,0.7334,0.9064,0.909
pathsig_ext::PathSigX_ret+full6_L2_w60_single,-4.360188082857823e-05,-0.6554189595146701,0.7334,0.9064,0.909
pathsig_ext::PathSigX_ret+full6_L2_w60_average,-6.577099861530044e-05,-0.9283877090597674,0.7334,0.9064,0.909
pathsig_ext::PathSigX_ret+full6_L2_w60_complete,-5.874938985660963e-05,-0.6714893674355408,0.7334,0.9064,0.909
pathsig_ext::PathSigX_ret+full6_L2_w90_single,-3.2166308692242656e-05,-0.487260375651387,0.7334,0.9064,0.909
pathsig_ext::PathSigX_ret+full6_L2_w90_average,-9.959315492737489e-05,-1.4067207116543632,0.7334,0.9064,0.909
pathsig_ext::PathSigX_ret+full6_L2_w90_complete,-3.5879822763210894e-05,-0.5546373242978055,0.7334,0.9064,0.909
pathsig_ext::PathSigX_ret+full6_L3_w60_single,-9.07852051572159e-05,-1.2283997462490457,0.7334,0.9064,0.909
pathsig_ext::PathSigX_ret+full6_L3_w60_average,-4.652860851886574e-05,-0.7051118675594107,0.7334,0.9064,0.909
pathsig_ext::PathSigX_ret+full6_L3_w60_complete,-2.3944142716344845e-05,-0.36975862073865234,0.7334,0.9064,0.909
pathsig_ext::PathSigX_ret+full6_L3_w90_single,-5.159347307260645e-05,-0.7731368670224033,0.7334,0.9064,0.909
pathsig_ext::PathSigX_ret+full6_L3_w90_average,-5.0408243847526375e-05,-0.8150891672658125,0.7334,0.9064,0.909
pathsig_ext::PathSigX_ret+full6_L3_w90_complete,-9.393360751687296e-05,-1.2076264993857626,0.7334,0.9064,0.909
pathsig_mc::PathSigMC_ret_L2_w60_single,-6.932219684741471e-05,-1.0639088525838396,0.7334,0.9064,0.909
pathsig_mc::PathSigMC_ret_L2_w60_average,-4.109571509886283e-05,-0.7233221527951451,0.7334,0.9064,0.909
pathsig_mc::PathSigMC_ret_L2_w60_complete,-2.7588825773773113e-05,-0.44341604533159734,0.7334,0.9064,0.909
pathsig_mc::PathSigMC_ret_L2_w90_single,-6.190186238110217e-05,-1.0755304682274351,0.7334,0.9064,0.909
pathsig_mc::PathSigMC_ret_L2_w90_average,-7.658587003115949e-05,-1.256702052755324,0.7334,0.9064,0.909
pathsig_mc::PathSigMC_ret_L2_w90_complete,-0.00010470259749837668,-1.6139402119828123,0.7334,0.9064,0.909
pathsig_mc::PathSigMC_ret_L3_w60_single,-7.25100857999788e-05,-1.1994721587116555,0.7334,0.9064,0.909
pathsig_mc::PathSigMC_ret_L3_w60_average,-6.352985301510048e-05,-1.0207539000709354,0.7334,0.9064,0.909
pathsig_mc::PathSigMC_ret_L3_w60_complete,-6.77635744545035e-05,-1.1445564920387394,0.7334,0.9064,0.909
pathsig_mc::PathSigMC_ret_L3_w90_single,-6.065401069024197e-05,-1.052451455770753,0.7334,0.9064,0.909
pathsig_mc::PathSigMC_ret_L3_w90_average,-7.925445533422394e-05,-1.234991471099188,0.7334,0.9064,0.909
pathsig_mc::PathSigMC_ret_L3_w90_complete,-3.860001264855825e-05,-0.6489549517714848,0.7334,0.9064,0.909
pathsig_mc::PathSigMC_ret+vol_L2_w60_single,-8.300044133274445e-05,-1.0191852027202835,0.7334,0.9064,0.909
pathsig_mc::PathSigMC_ret+vol_L2_w60_average,-8.483414497263399e-05,-1.1893827181647798,0.7334,0.9064,0.909
pathsig_mc::PathSigMC_ret+vol_L2_w60_complete,-9.759125936617079e-05,-1.2154429801832087,0.7334,0.9064,0.909
pathsig_mc::PathSigMC_ret+vol_L2_w90_single,-9.317787053013224e-05,-1.2685405062337536,0.7334,0.9064,0.909
pathsig_mc::PathSigMC_ret+vol_L2_w90_average,-9.621289272779412e-05,-1.36818738454689,0.7334,0.9064,0.909
pathsig_mc::PathSigMC_ret+vol_L2_w90_complete,-9.101385207198104e-05,-1.4502440581687708,0.7334,0.9064,0.909
pathsig_mc::PathSigMC_ret+vol_L3_w60_single,-7.319242891420865e-05,-1.071818195388331,0.7334,0.9064,0.909
pathsig_mc::PathSigMC_ret+vol_L3_w60_average,-0.00012128816622009743,-1.507217848133029,0.7334,0.9064,0.909
pathsig_mc::PathSigMC_ret+vol_L3_w60_complete,-8.047095369105204e-05,-0.9600903078089318,0.7334,0.9064,0.909
pathsig_mc::PathSigMC_ret+vol_L3_w90_single,-7.521522409324965e-06,-0.1254071411412987,0.7334,0.9064,0.909
pathsig_mc::PathSigMC_ret+vol_L3_w90_average,-1.8303471858040912e-05,-0.32405691036729134,0.7334,0.9064,0.909
pathsig_mc::PathSigMC_ret+vol_L3_w90_complete,-0.00012841193779038312,-1.772217548655128,0.7334,0.9064,0.909
pathsig_mc::PathSigMC_ret+vol+ntr_L2_w60_single,-9.899666185454792e-05,-1.268094635167741,0.7334,0.9064,0.909
pathsig_mc::PathSigMC_ret+vol+ntr_L2_w60_average,-8.747753331511682e-07,-0.012427478410698925,0.7334,0.9064,0.909
pathsig_mc::PathSigMC_ret+vol+ntr_L2_w60_complete,-4.750374545135791e-05,-0.741915550788433,0.7334,0.9064,0.909
pathsig_mc::PathSigMC_ret+vol+ntr_L2_w90_single,-4.1776326271376156e-05,-0.6519985576966697,0.7334,0.9064,0.909
pathsig_mc::PathSigMC_ret+vol+ntr_L2_w90_average,-7.679341291646948e-05,-1.1416218518457704,0.7334,0.9064,0.909
pathsig_mc::PathSigMC_ret+vol+ntr_L2_w90_complete,-0.00014455704926855123,-1.8911657615903323,0.7334,0.9064,0.909
pathsig_mc::PathSigMC_ret+vol+ntr_L3_w60_single,-4.2690242615000436e-05,-0.6553519703445481,0.7334,0.9064,0.909
pathsig_mc::PathSigMC_ret+vol+ntr_L3_w60_average,-5.400956392595989e-05,-0.7829629467947272,0.7334,0.9064,0.909
pathsig_mc::PathSigMC_ret+vol+ntr_L3_w60_complete,-6.168024325958998e-05,-1.0000768832283147,0.7334,0.9064,0.909
pathsig_mc::PathSigMC_ret+vol+ntr_L3_w90_single,-2.056243850695465e-05,-0.32316072727862283,0.7334,0.9064,0.909
pathsig_mc::PathSigMC_ret+vol+ntr_L3_w90_average,-4.934935573150658e-05,-0.7492326940400083,0.7334,0.9064,0.909
pathsig_mc::PathSigMC_ret+vol+ntr_L3_w90_complete,-6.538467684825807e-05,-0.8620874455981593,0.7334,0.9064,0.909
pathsig::PathSig_L2_w40_cosine_single,-0.00010562827924805937,-1.4902963884053482,0.7334,0.9064,0.909
pathsig::PathSig_L2_w40_cosine_average,-6.742639389901001e-05,-1.0511663804368474,0.7334,0.9064,0.909
pathsig::PathSig_L2_w40_cosine_complete,-4.070174639590659e-05,-0.49856007049821255,0.7334,0.9064,0.909
pathsig::PathSig_L2_w40_angular_single,-0.00010562827924805937,-1.4902963884053482,0.7334,0.9064,0.909
pathsig::PathSig_L2_w40_angular_average,-8.981835195662824e-05,-1.4069675418476002,0.7334,0.9064,0.909
pathsig::PathSig_L2_w40_angular_complete,-4.070174639590659e-05,-0.49856007049821255,0.7334,0.9064,0.909
pathsig::PathSig_L2_w40_one_minus_single,-0.00010562827924805937,-1.4902963884053482,0.7334,0.9064,0.909
pathsig::PathSig_L2_w40_one_minus_average,-9.049450738768814e-05,-1.405868513834041,0.7334,0.9064,0.909
pathsig::PathSig_L2_w40_one_minus_complete,-4.070174639590659e-05,-0.49856007049821255,0.7334,0.9064,0.909
pathsig::PathSig_L2_w40_sqrt_lp_single,-0.00010562827924805937,-1.4902963884053482,0.7334,0.9064,0.909
pathsig::PathSig_L2_w40_sqrt_lp_average,-6.742639389901001e-05,-1.0511663804368474,0.7334,0.9064,0.909
pathsig::PathSig_L2_w40_sqrt_lp_complete,-4.070174639590659e-05,-0.49856007049821255,0.7334,0.9064,0.909
pathsig::PathSig_L2_w60_cosine_single,-6.932219684741471e-05,-1.0639088525838396,0.7334,0.9064,0.909
pathsig::PathSig_L2_w60_cosine_average,-4.109571509886283e-05,-0.7233221527951451,0.7334,0.9064,0.909
pathsig::PathSig_L2_w60_cosine_complete,-2.7588825773773113e-05,-0.44341604533159734,0.7334,0.9064,0.909
pathsig::PathSig_L2_w60_angular_single,-6.932219684741471e-05,-1.0639088525838396,0.7334,0.9064,0.909
pathsig::PathSig_L2_w60_angular_average,-4.41650220656405e-05,-0.7751194711163013,0.7334,0.9064,0.909
pathsig::PathSig_L2_w60_angular_complete,-2.7588825773773113e-05,-0.44341604533159734,0.7334,0.9064,0.909
pathsig::PathSig_L2_w60_one_minus_single,-6.932219684741471e-05,-1.0639088525838396,0.7334,0.9064,0.909
pathsig::PathSig_L2_w60_one_minus_average,-4.7061404513656894e-05,-0.779836130041178,0.7334,0.9064,0.909
pathsig::PathSig_L2_w60_one_minus_complete,-2.7588825773773113e-05,-0.44341604533159734,0.7334,0.9064,0.909
pathsig::PathSig_L2_w60_sqrt_lp_single,-6.932219684741471e-05,-1.0639088525838396,0.7334,0.9064,0.909
pathsig::PathSig_L2_w60_sqrt_lp_average,-4.109571509886283e-05,-0.7233221527951451,0.7334,0.9064,0.909
pathsig::PathSig_L2_w60_sqrt_lp_complete,-2.7588825773773113e-05,-0.44341604533159734,0.7334,0.9064,0.909
pathsig::PathSig_L2_w90_cosine_single,-6.190186238110217e-05,-1.0755304682274351,0.7334,0.9064,0.909
pathsig::PathSig_L2_w90_cosine_average,-7.65858700311595e-05,-1.2567020527553243,0.7334,0.9064,0.909
pathsig::PathSig_L2_w90_cosine_complete,-0.00010470259749837668,-1.6139402119828123,0.7334,0.9064,0.909
pathsig::PathSig_L2_w90_angular_single,-6.190186238110217e-05,-1.0755304682274351,0.7334,0.9064,0.909
pathsig::PathSig_L2_w90_angular_average,-6.767876251722975e-05,-1.1253714906969017,0.7334,0.9064,0.909
pathsig::PathSig_L2_w90_angular_complete,-0.00010470259749837668,-1.6139402119828123,0.7334,0.9064,0.909
pathsig::PathSig_L2_w90_one_minus_single,-6.190186238110217e-05,-1.0755304682274351,0.7334,0.9064,0.909
pathsig::PathSig_L2_w90_one_minus_average,-4.0842016807036455e-05,-0.693966174279915,0.7334,0.9064,0.909
pathsig::PathSig_L2_w90_one_minus_complete,-0.00010470259749837668,-1.6139402119828123,0.7334,0.9064,0.909
pathsig::PathSig_L2_w90_sqrt_lp_single,-6.190186238110217e-05,-1.0755304682274351,0.7334,0.9064,0.909
pathsig::PathSig_L2_w90_sqrt_lp_average,-7.65858700311595e-05,-1.2567020527553243,0.7334,0.9064,0.909
pathsig::PathSig_L2_w90_sqrt_lp_complete,-0.00010470259749837668,-1.6139402119828123,0.7334,0.9064,0.909
pathsig::PathSig_L3_w40_cosine_single,-0.000141693531739515,-2.0680443435928924,0.7334,0.9064,0.909
pathsig::PathSig_L3_w40_cosine_average,-8.898054408622177e-05,-1.376399415471718,0.7334,0.9064,0.909
pathsig::PathSig_L3_w40_cosine_complete,-9.140573806831336e-05,-1.1250413915690771,0.7334,0.9064,0.909
pathsig::PathSig_L3_w40_angular_single,-0.000141693531739515,-2.0680443435928924,0.7334,0.9064,0.909
pathsig::PathSig_L3_w40_angular_average,-8.42876274964216e-05,-1.3102642526341,0.7334,0.9064,0.909
pathsig::PathSig_L3_w40_angular_complete,-9.140573806831336e-05,-1.1250413915690771,0.7334,0.9064,0.909
pathsig::PathSig_L3_w40_one_minus_single,-0.000141693531739515,-2.0680443435928924,0.7334,0.9064,0.909
pathsig::PathSig_L3_w40_one_minus_average,-6.894735544842849e-05,-1.0676358108152264,0.7334,0.9064,0.909
pathsig::PathSig_L3_w40_one_minus_complete,-9.140573806831336e-05,-1.1250413915690771,0.7334,0.9064,0.909
pathsig::PathSig_L3_w40_sqrt_lp_single,-0.000141693531739515,-2.0680443435928924,0.7334,0.9064,0.909
pathsig::PathSig_L3_w40_sqrt_lp_average,-8.898054408622177e-05,-1.376399415471718,0.7334,0.9064,0.909
pathsig::PathSig_L3_w40_sqrt_lp_complete,-9.140573806831336e-05,-1.1250413915690771,0.7334,0.9064,0.909
pathsig::PathSig_L3_w60_cosine_single,-7.25100857999788e-05,-1.1994721587116555,0.7334,0.9064,0.909
pathsig::PathSig_L3_w60_cosine_average,-6.352985301510048e-05,-1.0207539000709354,0.7334,0.9064,0.909
pathsig::PathSig_L3_w60_cosine_complete,-6.77635744545035e-05,-1.1445564920387394,0.7334,0.9064,0.909
pathsig::PathSig_L3_w60_angular_single,-7.25100857999788e-05,-1.1994721587116555,0.7334,0.9064,0.909
pathsig::PathSig_L3_w60_angular_average,-6.227068649613141e-05,-1.0000831798641685,0.7334,0.9064,0.909
pathsig::PathSig_L3_w60_angular_complete,-6.77635744545035e-05,-1.1445564920387394,0.7334,0.9064,0.909
pathsig::PathSig_L3_w60_one_minus_single,-7.25100857999788e-05,-1.1994721587116555,0.7334,0.9064,0.909
pathsig::PathSig_L3_w60_one_minus_average,-3.30911298276558e-05,-0.5829221969347985,0.7334,0.9064,0.909
pathsig::PathSig_L3_w60_one_minus_complete,-6.77635744545035e-05,-1.1445564920387394,0.7334,0.9064,0.909
pathsig::PathSig_L3_w60_sqrt_lp_single,-7.25100857999788e-05,-1.1994721587116555,0.7334,0.9064,0.909
pathsig::PathSig_L3_w60_sqrt_lp_average,-6.352985301510048e-05,-1.0207539000709354,0.7334,0.9064,0.909
pathsig::PathSig_L3_w60_sqrt_lp_complete,-6.77635744545035e-05,-1.1445564920387394,0.7334,0.9064,0.909
pathsig::PathSig_L3_w90_cosine_single,-6.065401069024197e-05,-1.052451455770753,0.7334,0.9064,0.909
pathsig::PathSig_L3_w90_cosine_average,-7.925445533422394e-05,-1.234991471099188,0.7334,0.9064,0.909
pathsig::PathSig_L3_w90_cosine_complete,-3.860001264855825e-05,-0.6489549517714848,0.7334,0.9064,0.909
pathsig::PathSig_L3_w90_angular_single,-6.065401069024197e-05,-1.052451455770753,0.7334,0.9064,0.909
pathsig::PathSig_L3_w90_angular_average,-7.8519464992615e-05,-1.2211139664472295,0.7334,0.9064,0.909
pathsig::PathSig_L3_w90_angular_complete,-3.860001264855825e-05,-0.6489549517714848,0.7334,0.9064,0.909
pathsig::PathSig_L3_w90_one_minus_single,-6.065401069024197e-05,-1.052451455770753,0.7334,0.9064,0.909
pathsig::PathSig_L3_w90_one_minus_average,-0.00010097573717754653,-1.4821486374493096,0.7334,0.9064,0.909
pathsig::PathSig_L3_w90_one_minus_complete,-3.860001264855825e-05,-0.6489549517714848,0.7334,0.9064,0.909
pathsig::PathSig_L3_w90_sqrt_lp_single,-6.065401069024197e-05,-1.052451455770753,0.7334,0.9064,0.909
pathsig::PathSig_L3_w90_sqrt_lp_average,-7.925445533422394e-05,-1.234991471099188,0.7334,0.9064,0.909
pathsig::PathSig_L3_w90_sqrt_lp_complete,-3.860001264855825e-05,-0.6489549517714848,0.7334,0.9064,0.909
pathsig::PathSig_L4_w40_cosine_single,-7.4931565046474e-05,-0.9281788474245718,0.7334,0.9064,0.909
pathsig::PathSig_L4_w40_cosine_average,-8.502594246485134e-05,-1.19568262665956,0.7334,0.9064,0.909
pathsig::PathSig_L4_w40_cosine_complete,-5.036407347274053e-05,-0.7800921464262567,0.7334,0.9064,0.909
pathsig::PathSig_L4_w40_angular_single,-7.4931565046474e-05,-0.9281788474245718,0.7334,0.9064,0.909
pathsig::PathSig_L4_w40_angular_average,-8.36323422572461e-05,-1.175741050443942,0.7334,0.9064,0.909
pathsig::PathSig_L4_w40_angular_complete,-5.036407347274053e-05,-0.7800921464262567,0.7334,0.9064,0.909
pathsig::PathSig_L4_w40_one_minus_single,-7.4931565046474e-05,-0.9281788474245718,0.7334,0.9064,0.909
pathsig::PathSig_L4_w40_one_minus_average,-0.00011696591854915266,-1.6594980040865008,0.7334,0.9064,0.909
pathsig::PathSig_L4_w40_one_minus_complete,-5.036407347274053e-05,-0.7800921464262567,0.7334,0.9064,0.909
pathsig::PathSig_L4_w40_sqrt_lp_single,-7.4931565046474e-05,-0.9281788474245718,0.7334,0.9064,0.909
pathsig::PathSig_L4_w40_sqrt_lp_average,-8.502594246485134e-05,-1.19568262665956,0.7334,0.9064,0.909
pathsig::PathSig_L4_w40_sqrt_lp_complete,-5.036407347274053e-05,-0.7800921464262567,0.7334,0.9064,0.909
pathsig::PathSig_L4_w60_cosine_single,-6.329389686751886e-05,-0.9839412765020086,0.7334,0.9064,0.909
pathsig::PathSig_L4_w60_cosine_average,-0.0001317401204211464,-2.022498476837015,0.7334,0.9064,0.909
pathsig::PathSig_L4_w60_cosine_complete,-0.00010081615044264159,-1.7441517774873516,0.7334,0.9064,0.909
pathsig::PathSig_L4_w60_angular_single,-6.329389686751886e-05,-0.9839412765020086,0.7334,0.9064,0.909
pathsig::PathSig_L4_w60_angular_average,-0.00012673190279863543,-1.9542228251934235,0.7334,0.9064,0.909
pathsig::PathSig_L4_w60_angular_complete,-0.00010081615044264159,-1.7441517774873516,0.7334,0.9064,0.909
pathsig::PathSig_L4_w60_one_minus_single,-6.329389686751886e-05,-0.9839412765020086,0.7334,0.9064,0.909
pathsig::PathSig_L4_w60_one_minus_average,-0.00010333536437083723,-1.6901846844518815,0.7334,0.9064,0.909
pathsig::PathSig_L4_w60_one_minus_complete,-0.00010081615044264159,-1.7441517774873516,0.7334,0.9064,0.909
pathsig::PathSig_L4_w60_sqrt_lp_single,-6.329389686751886e-05,-0.9839412765020086,0.7334,0.9064,0.909
pathsig::PathSig_L4_w60_sqrt_lp_average,-0.0001317401204211464,-2.022498476837015,0.7334,0.9064,0.909
pathsig::PathSig_L4_w60_sqrt_lp_complete,-0.00010081615044264159,-1.7441517774873516,0.7334,0.9064,0.909
pathsig::PathSig_L4_w90_cosine_single,-6.974744410369975e-05,-1.158604425673538,0.7334,0.9064,0.909
pathsig::PathSig_L4_w90_cosine_average,-4.0994086359181e-05,-0.6580884437421187,0.7334,0.9064,0.909
pathsig::PathSig_L4_w90_cosine_complete,-8.1184220709338e-05,-1.2664197951622118,0.7334,0.9064,0.909
pathsig::PathSig_L4_w90_angular_single,-6.974744410369975e-05,-1.158604425673538,0.7334,0.9064,0.909
pathsig::PathSig_L4_w90_angular_average,-3.988946464044149e-05,-0.6454091106586617,0.7334,0.9064,0.909
pathsig::PathSig_L4_w90_angular_complete,-8.1184220709338e-05,-1.2664197951622118,0.7334,0.9064,0.909
pathsig::PathSig_L4_w90_one_minus_single,-6.974744410369975e-05,-1.158604425673538,0.7334,0.9064,0.909
pathsig::PathSig_L4_w90_one_minus_average,-7.042512797284419e-05,-1.1383151543382048,0.7334,0.9064,0.909
pathsig::PathSig_L4_w90_one_minus_complete,-8.1184220709338e-05,-1.2664197951622118,0.7334,0.9064,0.909
pathsig::PathSig_L4_w90_sqrt_lp_single,-6.974744410369975e-05,-1.158604425673538,0.7334,0.9064,0.909
pathsig::PathSig_L4_w90_sqrt_lp_average,-4.0994086359181e-05,-0.6580884437421187,0.7334,0.9064,0.909
pathsig::PathSig_L4_w90_sqrt_lp_complete,-8.1184220709338e-05,-1.2664197951622118,0.7334,0.9064,0.909
taildep_full::TD_q0.025_taildep_sqrt      _single,-2.404666941154863e-05,-0.4980193672517978,0.7334,0.9064,0.909
taildep_full::TD_q0.025_taildep_sqrt      _average,-1.1855069865506115e-05,-0.2067428969837616,0.7334,0.9064,0.909
taildep_full::TD_q0.025_taildep_sqrt      _complete,-4.901615208832017e-05,-0.7995488256216267,0.7334,0.9064,0.909
taildep_full::TD_q0.025_taildep_sqrt      _ward,-7.23703108656681e-05,-1.03588998604685,0.7334,0.9064,0.909
taildep_full::TD_q0.025_taildep_linear    _single,-2.404666941154863e-05,-0.4980193672517978,0.7334,0.9064,0.909
taildep_full::TD_q0.025_taildep_linear    _average,-4.206283266865495e-05,-0.7501643995789009,0.7334,0.9064,0.909
taildep_full::TD_q0.025_taildep_linear    _complete,-4.901615208832017e-05,-0.7995488256216267,0.7334,0.9064,0.909
taildep_full::TD_q0.025_taildep_linear    _ward,-6.352218590057299e-05,-0.910454460878323,0.7334,0.9064,0.909
taildep_full::TD_q0.025_taildep_squared   _single,-2.404666941154863e-05,-0.4980193672517978,0.7334,0.9064,0.909
taildep_full::TD_q0.025_taildep_squared   _average,-4.22280737678422e-05,-0.7827513051402811,0.7334,0.9064,0.909
taildep_full::TD_q0.025_taildep_squared   _complete,-4.901615208832017e-05,-0.7995488256216267,0.7334,0.9064,0.909
taildep_full::TD_q0.025_taildep_squared   _ward,-7.517022331173147e-05,-1.2835072509921284,0.7334,0.9064,0.909
taildep_full::TD_q0.025_taildep_log       _single,-2.404666941154863e-05,-0.4980193672517978,0.7334,0.9064,0.909
taildep_full::TD_q0.025_taildep_log       _average,-2.2517515744976014e-05,-0.40868603324778213,0.7334,0.9064,0.909
taildep_full::TD_q0.025_taildep_log       _complete,-4.901615208832017e-05,-0.7995488256216267,0.7334,0.9064,0.909
taildep_full::TD_q0.025_taildep_log       _ward,-7.18338689923564e-05,-1.0364415650608956,0.7334,0.9064,0.909
taildep_full::TD_q0.050_taildep_sqrt      _single,-9.415651929896614e-05,-1.6833236237438047,0.7334,0.9064,0.909
taildep_full::TD_q0.050_taildep_sqrt      _average,-5.141670779733351e-05,-0.9730436960891453,0.7334,0.9064,0.909
taildep_full::TD_q0.050_taildep_sqrt      _complete,-5.887754924035089e-05,-0.9501178907682599,0.7334,0.9064,0.909
taildep_full::TD_q0.050_taildep_sqrt      _ward,-0.00010850069146985873,-1.6127876106785592,0.7334,0.9064,0.909
taildep_full::TD_q0.050_taildep_linear    _single,-9.415651929896614e-05,-1.6833236237438047,0.7334,0.9064,0.909
taildep_full::TD_q0.050_taildep_linear    _average,-6.142655276212606e-05,-1.2415512411489489,0.7334,0.9064,0.909
taildep_full::TD_q0.050_taildep_linear    _complete,-5.887754924035089e-05,-0.9501178907682599,0.7334,0.9064,0.909
taildep_full::TD_q0.050_taildep_linear    _ward,-7.040386131881787e-05,-1.17929775715442,0.7334,0.9064,0.909
taildep_full::TD_q0.050_taildep_squared   _single,-9.415651929896614e-05,-1.6833236237438047,0.7334,0.9064,0.909
taildep_full::TD_q0.050_taildep_squared   _average,-1.6694608430765764e-05,-0.36308207435469936,0.7334,0.9064,0.909
taildep_full::TD_q0.050_taildep_squared   _complete,-5.887754924035089e-05,-0.9501178907682599,0.7334,0.9064,0.909
taildep_full::TD_q0.050_taildep_squared   _ward,-9.031213090019456e-05,-1.474113263822103,0.7334,0.9064,0.909
taildep_full::TD_q0.050_taildep_log       _single,-9.415651929896614e-05,-1.6833236237438047,0.7334,0.9064,0.909
taildep_full::TD_q0.050_taildep_log       _average,-3.923168789310484e-05,-0.7263293991137468,0.7334,0.9064,0.909
taildep_full::TD_q0.050_taildep_log       _complete,-5.887754924035089e-05,-0.9501178907682599,0.7334,0.9064,0.909
taildep_full::TD_q0.050_taildep_log       _ward,-0.0001244930869388634,-1.8899104861388394,0.7334,0.9064,0.909
taildep_full::TD_q0.100_taildep_sqrt      _single,-8.572486619506094e-05,-1.6895601156872566,0.7334,0.9064,0.909
taildep_full::TD_q0.100_taildep_sqrt      _average,-5.9454056796671794e-05,-1.2263860144143799,0.7334,0.9064,0.909
taildep_full::TD_q0.100_taildep_sqrt      _complete,-9.82286042399362e-05,-1.5988997108697878,0.7334,0.9064,0.909
taildep_full::TD_q0.100_taildep_sqrt      _ward,-0.00010223120464340121,-1.6985020635878472,0.7334,0.9064,0.909
taildep_full::TD_q0.100_taildep_linear    _single,-8.572486619506094e-05,-1.6895601156872566,0.7334,0.9064,0.909
taildep_full::TD_q0.100_taildep_linear    _average,-2.9069908950469e-05,-0.5844418538471814,0.7334,0.9064,0.909
taildep_full::TD_q0.100_taildep_linear    _complete,-9.82286042399362e-05,-1.5988997108697878,0.7334,0.9064,0.909
taildep_full::TD_q0.100_taildep_linear    _ward,-8.995559273645341e-05,-1.56135920122669,0.7334,0.9064,0.909
taildep_full::TD_q0.100_taildep_squared   _single,-8.572486619506094e-05,-1.6895601156872566,0.7334,0.9064,0.909
taildep_full::TD_q0.100_taildep_squared   _average,-2.762030172157384e-05,-0.6062257109357875,0.7334,0.9064,0.909
taildep_full::TD_q0.100_taildep_squared   _complete,-9.82286042399362e-05,-1.5988997108697878,0.7334,0.9064,0.909
taildep_full::TD_q0.100_taildep_squared   _ward,-6.81142468529932e-05,-1.072845142267274,0.7334,0.9064,0.909
taildep_full::TD_q0.100_taildep_log       _single,-8.572486619506094e-05,-1.6895601156872566,0.7334,0.9064,0.909
taildep_full::TD_q0.100_taildep_log       _average,-5.7171704932535697e-05,-1.0868793518106263,0.7334,0.9064,0.909
taildep_full::TD_q0.100_taildep_log       _complete,-9.82286042399362e-05,-1.5988997108697878,0.7334,0.9064,0.909
taildep_full::TD_q0.100_taildep_log       _ward,-7.055584480119149e-05,-1.2174971078699452,0.7334,0.9064,0.909
taildep_full::TD_q0.150_taildep_sqrt      _single,-7.206934294190356e-05,-1.457671702654737,0.7334,0.9064,0.909
taildep_full::TD_q0.150_taildep_sqrt      _average,-4.82727124957287e-05,-1.0516655675071962,0.7334,0.9064,0.909
taildep_full::TD_q0.150_taildep_sqrt      _complete,-5.6147563561856656e-05,-0.9590384861751255,0.7334,0.9064,0.909
taildep_full::TD_q0.150_taildep_sqrt      _ward,-2.9581261292933847e-05,-0.5421553823989423,0.7334,0.9064,0.909
taildep_full::TD_q0.150_taildep_linear    _single,-7.206934294190356e-05,-1.457671702654737,0.7334,0.9064,0.909
taildep_full::TD_q0.150_taildep_linear    _average,-4.090849110395873e-05,-0.8886722053271219,0.7334,0.9064,0.909
taildep_full::TD_q0.150_taildep_linear    _complete,-5.6147563561856656e-05,-0.9590384861751255,0.7334,0.9064,0.909
taildep_full::TD_q0.150_taildep_linear    _ward,-4.3296071385327086e-05,-0.760187829738096,0.7334,0.9064,0.909
taildep_full::TD_q0.150_taildep_squared   _single,-7.206934294190356e-05,-1.457671702654737,0.7334,0.9064,0.909
taildep_full::TD_q0.150_taildep_squared   _average,-8.449386425289854e-05,-1.865432834903934,0.7334,0.9064,0.909
taildep_full::TD_q0.150_taildep_squared   _complete,-5.6147563561856656e-05,-0.9590384861751255,0.7334,0.9064,0.909
taildep_full::TD_q0.150_taildep_squared   _ward,-0.00012385207073350318,-1.6550638096651398,0.7334,0.9064,0.909
taildep_full::TD_q0.150_taildep_log       _single,-7.206934294190356e-05,-1.457671702654737,0.7334,0.9064,0.909
taildep_full::TD_q0.150_taildep_log       _average,-5.879413846273201e-05,-1.2916682812746545,0.7334,0.9064,0.909
taildep_full::TD_q0.150_taildep_log       _complete,-5.6147563561856656e-05,-0.9590384861751255,0.7334,0.9064,0.909
taildep_full::TD_q0.150_taildep_log       _ward,-9.620216753216015e-05,-1.6304660318494484,0.7334,0.9064,0.909
taildep::TailDep_q0.025_single,-2.404666941154863e-05,-0.4980193672517978,0.7334,0.9064,0.909
taildep::TailDep_q0.025_average,-1.1855069865506115e-05,-0.2067428969837616,0.7334,0.9064,0.909
taildep::TailDep_q0.025_complete,-4.901615208832017e-05,-0.7995488256216267,0.7334,0.9064,0.909
taildep::TailDep_q0.025_ward,-7.23703108656681e-05,-1.03588998604685,0.7334,0.9064,0.909
taildep::TailDep_q0.050_single,-9.415651929896614e-05,-1.6833236237438047,0.7334,0.9064,0.909
taildep::TailDep_q0.050_average,-5.141670779733351e-05,-0.9730436960891453,0.7334,0.9064,0.909
taildep::TailDep_q0.050_complete,-5.887754924035089e-05,-0.9501178907682599,0.7334,0.9064,0.909
taildep::TailDep_q0.050_ward,-0.00010850069146985873,-1.6127876106785592,0.7334,0.9064,0.909
taildep::TailDep_q0.100_single,-8.572486619506094e-05,-1.6895601156872566,0.7334,0.9064,0.909
taildep::TailDep_q0.100_average,-5.9454056796671794e-05,-1.2263860144143799,0.7334,0.9064,0.909
taildep::TailDep_q0.100_complete,-9.82286042399362e-05,-1.5988997108697878,0.7334,0.9064,0.909
taildep::TailDep_q0.100_ward,-0.00010223120464340121,-1.6985020635878472,0.7334,0.9064,0.909
taildep::TailDep_q0.150_single,-7.206934294190356e-05,-1.457671702654737,0.7334,0.9064,0.909
taildep::TailDep_q0.150_average,-4.82727124957287e-05,-1.0516655675071962,0.7334,0.9064,0.909
taildep::TailDep_q0.150_complete,-5.6147563561856656e-05,-0.9590384861751255,0.7334,0.9064,0.909
taildep::TailDep_q0.150_ward,-2.9581261292933847e-05,-0.5421553823989423,0.7334,0.9064,0.909
volstd::VolStd_w15_ldp     _single,1.7602239505521984e-05,0.4080390066690786,0.7334,0.9064,0.909
volstd::VolStd_w15_ldp     _average,9.969081969122566e-06,0.23314703588030153,0.7334,0.9064,0.909
volstd::VolStd_w15_ldp     _ward,-6.712546846363291e-05,-1.2639891436634534,0.7334,0.9064,0.909
volstd::VolStd_w15_absolute_single,1.7602239505521984e-05,0.4080390066690786,0.7334,0.9064,0.909
volstd::VolStd_w15_absolute_average,1.0249430165642757e-05,0.23885418160878213,0.7334,0.9064,0.909
volstd::VolStd_w15_absolute_ward,-2.6446126474716883e-05,-0.47082248744751815,0.7334,0.9064,0.909
volstd::VolStd_w15_angular _single,1.7602239505521984e-05,0.4080390066690786,0.7334,0.9064,0.909
volstd::VolStd_w15_angular _average,1.9232367830677218e-05,0.45268980861935876,0.7334,0.9064,0.909
volstd::VolStd_w15_angular _ward,-8.369076617291261e-05,-1.5229883326757225,0.7334,0.9064,0.909
volstd::VolStd_w15_squared _single,1.7602239505521984e-05,0.4080390066690786,0.7334,0.9064,0.909
volstd::VolStd_w15_squared _average,1.0249430165642757e-05,0.23885418160878213,0.7334,0.9064,0.909
volstd::VolStd_w15_squared _ward,-2.6446126474716883e-05,-0.47082248744751815,0.7334,0.9064,0.909
volstd::VolStd_w21_ldp     _single,-1.2602282789953073e-05,-0.28938810737242787,0.7334,0.9064,0.909
volstd::VolStd_w21_ldp     _average,-1.9094005593543404e-05,-0.44945459148610356,0.7334,0.9064,0.909
volstd::VolStd_w21_ldp     _ward,-4.296791400542298e-05,-0.7854534799184186,0.7334,0.9064,0.909
volstd::VolStd_w21_absolute_single,-1.2602282789953073e-05,-0.28938810737242787,0.7334,0.9064,0.909
volstd::VolStd_w21_absolute_average,-3.0728073230180506e-05,-0.6945608923425669,0.7334,0.9064,0.909
volstd::VolStd_w21_absolute_ward,-8.198674696909226e-05,-1.4370592502554635,0.7334,0.9064,0.909
volstd::VolStd_w21_angular _single,-1.2602282789953073e-05,-0.28938810737242787,0.7334,0.9064,0.909
volstd::VolStd_w21_angular _average,-2.8887775284674167e-05,-0.650699589856962,0.7334,0.9064,0.909
volstd::VolStd_w21_angular _ward,-3.5576851879291e-05,-0.6099889764700529,0.7334,0.9064,0.909
volstd::VolStd_w21_squared _single,-1.2602282789953073e-05,-0.28938810737242787,0.7334,0.9064,0.909
volstd::VolStd_w21_squared _average,-3.0728073230180506e-05,-0.6945608923425669,0.7334,0.9064,0.909
volstd::VolStd_w21_squared _ward,-8.163923406066936e-05,-1.4327388702990385,0.7334,0.9064,0.909
volstd::VolStd_w30_ldp     _single,-2.489720419181343e-05,-0.5977743985974654,0.7334,0.9064,0.909
volstd::VolStd_w30_ldp     _average,8.409312732441008e-06,0.2146636983758394,0.7334,0.9064,0.909
volstd::VolStd_w30_ldp     _ward,-3.799183063291731e-05,-0.6579621021024161,0.7334,0.9064,0.909
volstd::VolStd_w30_absolute_single,-2.489720419181343e-05,-0.5977743985974654,0.7334,0.9064,0.909
volstd::VolStd_w30_absolute_average,-8.131540630993893e-06,-0.20551259394380308,0.7334,0.9064,0.909
volstd::VolStd_w30_absolute_ward,-5.734812619357598e-05,-1.047378609701416,0.7334,0.9064,0.909
volstd::VolStd_w30_angular _single,-2.489720419181343e-05,-0.5977743985974654,0.7334,0.9064,0.909
volstd::VolStd_w30_angular _average,1.3559493921595657e-05,0.3419656537510014,0.7334,0.9064,0.909
volstd::VolStd_w30_angular _ward,-9.034305840837212e-05,-1.6402300836831836,0.7334,0.9064,0.909
volstd::VolStd_w30_squared _single,-2.489720419181343e-05,-0.5977743985974654,0.7334,0.9064,0.909
volstd::VolStd_w30_squared _average,-8.131540630993893e-06,-0.20551259394380308,0.7334,0.9064,0.909
volstd::VolStd_w30_squared _ward,-5.8953307188309135e-05,-1.0784810883969913,0.7334,0.9064,0.909
volstd::VolStd_w60_ldp     _single,-9.432882704507328e-06,-0.17268926301877668,0.7334,0.9064,0.909
volstd::VolStd_w60_ldp     _average,-5.897390161383729e-05,-1.1064234858237494,0.7334,0.9064,0.909
volstd::VolStd_w60_ldp     _ward,-8.41305459511126e-05,-1.4380937347363967,0.7334,0.9064,0.909
volstd::VolStd_w60_absolute_single,-9.432882704507328e-06,-0.17268926301877668,0.7334,0.9064,0.909
volstd::VolStd_w60_absolute_average,-7.10587889004437e-05,-1.2714185165439116,0.7334,0.9064,0.909
volstd::VolStd_w60_absolute_ward,-8.31770918634265e-05,-1.4934902044529363,0.7334,0.9064,0.909
volstd::VolStd_w60_angular _single,-9.432882704507328e-06,-0.17268926301877668,0.7334,0.9064,0.909
volstd::VolStd_w60_angular _average,-8.360755969149748e-05,-1.4868061962567445,0.7334,0.9064,0.909
volstd::VolStd_w60_angular _ward,-8.797478115836717e-05,-1.4944516685087617,0.7334,0.9064,0.909
volstd::VolStd_w60_squared _single,-9.432882704507328e-06,-0.17268926301877668,0.7334,0.9064,0.909
volstd::VolStd_w60_squared _average,-7.10587889004437e-05,-1.2714185165439116,0.7334,0.9064,0.909
volstd::VolStd_w60_squared _ward,-8.317696617983025e-05,-1.4935896902029526,0.7334,0.9064,0.909
volstd::VolStd_w90_ldp     _single,5.28396412610424e-06,0.1493585058345817,0.7334,0.9064,0.909
volstd::VolStd_w90_ldp     _average,1.190917069889262e-06,0.029300128159010817,0.7334,0.9064,0.909
volstd::VolStd_w90_ldp     _ward,-7.785963041618871e-05,-1.0876119144412877,0.7334,0.9064,0.909
volstd::VolStd_w90_absolute_single,5.28396412610424e-06,0.1493585058345817,0.7334,0.9064,0.909
volstd::VolStd_w90_absolute_average,-2.3288995623090873e-05,-0.5785840716003826,0.7334,0.9064,0.909
volstd::VolStd_w90_absolute_ward,-4.921945165306571e-05,-0.8937451231558807,0.7334,0.9064,0.909
volstd::VolStd_w90_angular _single,5.28396412610424e-06,0.1493585058345817,0.7334,0.9064,0.909
volstd::VolStd_w90_angular _average,-1.1070731755900148e-05,-0.2709359449251275,0.7334,0.9064,0.909
volstd::VolStd_w90_angular _ward,-9.079562980923584e-05,-1.1879468671682467,0.7334,0.9064,0.909
volstd::VolStd_w90_squared _single,5.28396412610424e-06,0.1493585058345817,0.7334,0.9064,0.909
volstd::VolStd_w90_squared _average,-2.3288995623090873e-05,-0.5785840716003826,0.7334,0.9064,0.909
volstd::VolStd_w90_squared _ward,-4.89789571571714e-05,-0.8887772449063732,0.7334,0.9064,0.909
