date,n_eligible,n_included,included_symbols
2018-02-28,2,0,
2018-03-31,2,2,"BTCUSDT,ETHUSDT"
2018-04-30,2,2,"BTCUSDT,ETHUSDT"
2018-05-31,3,2,"BTCUSDT,ETHUSDT"
2018-06-30,4,3,"BTCUSDT,ETHUSDT,NEOUSDT"
2018-07-31,4,4,"BTCUSDT,ETHUSDT,NEOUSDT,LTCUSDT"
2018-08-31,4,4,"BTCUSDT,ETHUSDT,NEOUSDT,LTCUSDT"
2018-09-30,4,4,"BTCUSDT,ETHUSDT,NEOUSDT,LTCUSDT"
2018-10-31,6,4,"BTCUSDT,ETHUSDT,LTCUSDT,NEOUSDT"
2018-11-30,9,6,"BTCUSDT,XRPUSDT,ETHUSDT,ADAUSDT,LTCUSDT,NEOUSDT"
2018-12-31,11,9,"BTCUSDT,ETHUSDT,XRPUSDT,EOSUSDT,ADAUSDT,XLMUSDT,LTCUSDT,NEOUSDT,IOTAUSDT"
2019-01-31,12,11,"BTCUSDT,ETHUSDT,TRXUSDT,XRPUSDT,EOSUSDT,LTCUSDT,ADAUSDT,NEOUSDT,XLMUSDT,ETCUSDT,IOTAUSDT"
2019-02-28,12,12,"BTCUSDT,ETHUSDT,XRPUSDT,EOSUSDT,LTCUSDT,TRXUSDT,NEOUSDT,XLMUSDT,ADAUSDT,ETCUSDT,VETUSDT,IOTAUSDT"
2019-03-31,12,12,"BTCUSDT,ETHUSDT,EOSUSDT,LTCUSDT,XRPUSDT,ADAUSDT,TRXUSDT,XLMUSDT,NEOUSDT,VETUSDT,ETCUSDT,IOTAUSDT"
2019-04-30,12,12,"BTCUSDT,ETHUSDT,EOSUSDT,LTCUSDT,XRPUSDT,ADAUSDT,TRXUSDT,NEOUSDT,ETCUSDT,XLMUSDT,IOTAUSDT,VETUSDT"
2019-05-31,12,12,"BTCUSDT,ETHUSDT,XRPUSDT,EOSUSDT,LTCUSDT,TRXUSDT,ADAUSDT,NEOUSDT,XLMUSDT,IOTAUSDT,ETCUSDT,VETUSDT"
2019-06-30,13,12,"BTCUSDT,ETHUSDT,XRPUSDT,LTCUSDT,EOSUSDT,TRXUSDT,ADAUSDT,NEOUSDT,ETCUSDT,VETUSDT,XLMUSDT,IOTAUSDT"
2019-07-31,15,12,"BTCUSDT,ETHUSDT,EOSUSDT,LTCUSDT,XRPUSDT,TRXUSDT,NEOUSDT,ADAUSDT,ETCUSDT,XLMUSDT,VETUSDT,IOTAUSDT"
2019-08-31,13,12,"BTCUSDT,ETHUSDT,LTCUSDT,XRPUSDT,EOSUSDT,LINKUSDT,TRXUSDT,ETCUSDT,ADAUSDT,BTTUSDT,NEOUSDT,XLMUSDT"
2019-09-30,14,13,"BTCUSDT,ETHUSDT,XRPUSDT,EOSUSDT,LTCUSDT,TRXUSDT,BTTUSDT,LINKUSDT,ETCUSDT,ADAUSDT,XLMUSDT,NEOUSDT,FETUSDT"
2019-10-31,18,14,"BTCUSDT,ETHUSDT,XRPUSDT,EOSUSDT,LINKUSDT,TRXUSDT,LTCUSDT,ADAUSDT,NEOUSDT,ETCUSDT,BTTUSDT,XLMUSDT,XMRUSDT,FETUSDT"
2019-11-30,20,18,"BTCUSDT,ETHUSDT,XRPUSDT,EOSUSDT,LTCUSDT,TRXUSDT,LINKUSDT,XLMUSDT,ADAUSDT,NEOUSDT,MATICUSDT,FETUSDT,ETCUSDT,ATOMUSDT,BTTUSDT,XMRUSDT,BATUSDT,ZECUSDT"
2019-12-31,24,20,"BTCUSDT,ETHUSDT,MATICUSDT,TRXUSDT,XRPUSDT,EOSUSDT,LTCUSDT,VETUSDT,LINKUSDT,ATOMUSDT,BTTUSDT,ETCUSDT,FETUSDT,ADAUSDT,ZECUSDT,XMRUSDT,XLMUSDT,NEOUSDT,DASHUSDT,BATUSDT"
2020-01-31,23,22,"BTCUSDT,ETHUSDT,ETCUSDT,EOSUSDT,LTCUSDT,XRPUSDT,DASHUSDT,TRXUSDT,LINKUSDT,ADAUSDT,ZECUSDT,XLMUSDT,BTTUSDT,MATICUSDT,ATOMUSDT,XMRUSDT,VETUSDT,NEOUSDT,FETUSDT,BATUSDT,WAVESUSDT,ALGOUSDT"
2020-02-29,27,23,"BTCUSDT,ETHUSDT,XRPUSDT,LTCUSDT,EOSUSDT,ETCUSDT,LINKUSDT,TRXUSDT,ADAUSDT,XLMUSDT,DASHUSDT,NEOUSDT,ZECUSDT,MATICUSDT,VETUSDT,ATOMUSDT,XMRUSDT,ALGOUSDT,IOTAUSDT,BATUSDT,BTTUSDT,WAVESUSDT,FETUSDT"
2020-03-31,27,24,"BTCUSDT,ETHUSDT,LINKUSDT,XRPUSDT,EOSUSDT,LTCUSDT,ETCUSDT,TRXUSDT,ADAUSDT,MATICUSDT,DASHUSDT,NEOUSDT,VETUSDT,ZECUSDT,XMRUSDT,XLMUSDT,ATOMUSDT,ALGOUSDT,BATUSDT,WAVESUSDT,IOTAUSDT,BTTUSDT,ERDUSDT,ENJUSDT"
2020-04-30,26,25,"BTCUSDT,ETHUSDT,LINKUSDT,XRPUSDT,EOSUSDT,LTCUSDT,XTZUSDT,ETCUSDT,ADAUSDT,DASHUSDT,TRXUSDT,XLMUSDT,ZECUSDT,VETUSDT,MATICUSDT,XMRUSDT,NEOUSDT,ATOMUSDT,ALGOUSDT,BATUSDT,WAVESUSDT,BTTUSDT,IOTAUSDT,ENJUSDT,HBARUSDT"
2020-05-31,34,27,"BTCUSDT,ETHUSDT,LINKUSDT,XRPUSDT,EOSUSDT,ADAUSDT,LTCUSDT,ETCUSDT,XTZUSDT,TRXUSDT,MATICUSDT,XLMUSDT,VETUSDT,NEOUSDT,ZECUSDT,DASHUSDT,XMRUSDT,BATUSDT,ALGOUSDT,ATOMUSDT,ENJUSDT,HBARUSDT,KAVAUSDT,IOTAUSDT,BTTUSDT,ERDUSDT,WAVESUSDT"
2020-06-30,36,33,"BTCUSDT,ETHUSDT,ADAUSDT,VETUSDT,BCHUSDT,LINKUSDT,XRPUSDT,EOSUSDT,ZILUSDT,LTCUSDT,TRXUSDT,XTZUSDT,XLMUSDT,ETCUSDT,ZECUSDT,MATICUSDT,NEOUSDT,BATUSDT,THETAUSDT,ERDUSDT,ATOMUSDT,XMRUSDT,DASHUSDT,KAVAUSDT,ALGOUSDT,FETUSDT,OMGUSDT,ENJUSDT,NANOUSDT,BTTUSDT,IOTAUSDT,HBARUSDT,CHZUSDT"
2020-07-31,42,34,"BTCUSDT,ETHUSDT,LINKUSDT,ADAUSDT,VETUSDT,XRPUSDT,BCHUSDT,XLMUSDT,XTZUSDT,EOSUSDT,LTCUSDT,ERDUSDT,TRXUSDT,ATOMUSDT,ETCUSDT,ZECUSDT,ALGOUSDT,KAVAUSDT,NEOUSDT,XMRUSDT,ZILUSDT,MATICUSDT,BATUSDT,DASHUSDT,FETUSDT,THETAUSDT,IOTAUSDT,OMGUSDT,WAVESUSDT,ONEUSDT,BTTUSDT,ENJUSDT,RENUSDT,HBARUSDT"
2020-08-31,51,44,"BTCUSDT,ETHUSDT,LINKUSDT,XRPUSDT,EOSUSDT,LTCUSDT,BCHUSDT,XTZUSDT,OMGUSDT,ADAUSDT,TRXUSDT,VETUSDT,ATOMUSDT,ZECUSDT,ALGOUSDT,WAVESUSDT,XLMUSDT,NEOUSDT,KAVAUSDT,BATUSDT,ETCUSDT,ZILUSDT,THETAUSDT,MATICUSDT,DASHUSDT,XMRUSDT,ERDUSDT,RENUSDT,FETUSDT,IOTAUSDT,ONEUSDT,FTMUSDT,BTTUSDT,TOMOUSDT,ENJUSDT,HBARUSDT,DOGEUSDT,PERLUSDT,CHZUSDT,MFTUSDT,NANOUSDT,FTTUSDT,DOCKUSDT,TROYUSDT"
2020-09-30,40,40,"BTCUSDT,ETHUSDT,LINKUSDT,TRXUSDT,XRPUSDT,EOSUSDT,ADAUSDT,BCHUSDT,LTCUSDT,VETUSDT,NEOUSDT,ZECUSDT,XTZUSDT,ATOMUSDT,OMGUSDT,XLMUSDT,THETAUSDT,XMRUSDT,ALGOUSDT,ETCUSDT,BTTUSDT,FTMUSDT,RENUSDT,WAVESUSDT,KAVAUSDT,DASHUSDT,ZILUSDT,TOMOUSDT,MATICUSDT,BATUSDT,IOTAUSDT,FETUSDT,TCTUSDT,DOGEUSDT,KEYUSDT,FTTUSDT,ONEUSDT,ENJUSDT,STXUSDT,DOCKUSDT"
2020-10-31,34,34,"BTCUSDT,ETHUSDT,LINKUSDT,BCHUSDT,XRPUSDT,LTCUSDT,ADAUSDT,TRXUSDT,EOSUSDT,XMRUSDT,ZECUSDT,VETUSDT,ATOMUSDT,NEOUSDT,RENUSDT,XLMUSDT,XTZUSDT,THETAUSDT,WAVESUSDT,DASHUSDT,BTTUSDT,OMGUSDT,ETCUSDT,ZILUSDT,ALGOUSDT,KAVAUSDT,FTMUSDT,TOMOUSDT,MATICUSDT,BATUSDT,IOTAUSDT,FETUSDT,KEYUSDT,DOGEUSDT"
2020-11-30,38,37,"BTCUSDT,ETHUSDT,XRPUSDT,LINKUSDT,LTCUSDT,ADAUSDT,BCHUSDT,XLMUSDT,EOSUSDT,TRXUSDT,ETCUSDT,ZECUSDT,VETUSDT,DASHUSDT,XTZUSDT,NEOUSDT,WAVESUSDT,OMGUSDT,ATOMUSDT,XMRUSDT,ALGOUSDT,ZILUSDT,KAVAUSDT,THETAUSDT,RENUSDT,IOTAUSDT,BATUSDT,MATICUSDT,BTTUSDT,DOGEUSDT,FTMUSDT,TOMOUSDT,FETUSDT,ENJUSDT,ONEUSDT,STXUSDT,FTTUSDT"
2020-12-31,49,37,"BTCUSDT,ETHUSDT,XRPUSDT,LTCUSDT,BCHUSDT,LINKUSDT,ADAUSDT,XLMUSDT,EOSUSDT,ZILUSDT,TRXUSDT,VETUSDT,THETAUSDT,ETCUSDT,XMRUSDT,ZECUSDT,DASHUSDT,WAVESUSDT,NEOUSDT,ATOMUSDT,OMGUSDT,XTZUSDT,ALGOUSDT,DOGEUSDT,RENUSDT,BATUSDT,IOTAUSDT,BTTUSDT,MATICUSDT,STXUSDT,KAVAUSDT,TOMOUSDT,ENJUSDT,FTMUSDT,FETUSDT,ONEUSDT,FTTUSDT"
2021-01-31,69,43,"BTCUSDT,ETHUSDT,XRPUSDT,DOGEUSDT,LTCUSDT,LINKUSDT,ADAUSDT,BCHUSDT,XLMUSDT,EOSUSDT,TRXUSDT,VETUSDT,ZECUSDT,NEOUSDT,ATOMUSDT,ETCUSDT,THETAUSDT,DASHUSDT,XTZUSDT,ZILUSDT,OMGUSDT,XMRUSDT,ENJUSDT,LRCUSDT,ALGOUSDT,FTMUSDT,MATICUSDT,HBARUSDT,RENUSDT,WAVESUSDT,BATUSDT,IOTAUSDT,KAVAUSDT,COMPUSDT,CHZUSDT,TOMOUSDT,BTTUSDT,STXUSDT,GTOUSDT,ONEUSDT,FETUSDT,LTOUSDT,FTTUSDT"
2021-02-28,93,45,"BTCUSDT,ETHUSDT,XRPUSDT,ADAUSDT,DOGEUSDT,LTCUSDT,LINKUSDT,BCHUSDT,XLMUSDT,EOSUSDT,SXPUSDT,TRXUSDT,VETUSDT,ATOMUSDT,FTMUSDT,MATICUSDT,NEOUSDT,DASHUSDT,ALGOUSDT,ETCUSDT,BTTUSDT,ZECUSDT,IOTAUSDT,XTZUSDT,OMGUSDT,ZILUSDT,THETAUSDT,SNXUSDT,RENUSDT,XMRUSDT,CHZUSDT,COMPUSDT,BATUSDT,ENJUSDT,KAVAUSDT,NPXSUSDT,WAVESUSDT,TOMOUSDT,HBARUSDT,LRCUSDT,ONEUSDT,FETUSDT,STXUSDT,GTOUSDT,LTOUSDT"
2021-03-31,105,49,"BTCUSDT,ETHUSDT,CHZUSDT,ADAUSDT,XRPUSDT,DOTUSDT,ENJUSDT,THETAUSDT,BTTUSDT,LTCUSDT,VETUSDT,ONEUSDT,SXPUSDT,LUNAUSDT,TRXUSDT,LINKUSDT,MATICUSDT,DOGEUSDT,NPXSUSDT,EOSUSDT,SUSHIUSDT,STMXUSDT,XLMUSDT,BCHUSDT,FTMUSDT,HBARUSDT,ALGOUSDT,BATUSDT,SANDUSDT,ZILUSDT,ATOMUSDT,CRVUSDT,NEOUSDT,IOTAUSDT,SOLUSDT,KAVAUSDT,FETUSDT,OCEANUSDT,OMGUSDT,ZECUSDT,XTZUSDT,DASHUSDT,ETCUSDT,TOMOUSDT,XMRUSDT,RENUSDT,WAVESUSDT,SNXUSDT,COMPUSDT"
2021-04-30,110,49,"BTCUSDT,DOGEUSDT,ETHUSDT,XRPUSDT,BTTUSDT,ADAUSDT,VETUSDT,TRXUSDT,CHZUSDT,DOTUSDT,LTCUSDT,EOSUSDT,BCHUSDT,LINKUSDT,DENTUSDT,SXPUSDT,XLMUSDT,MATICUSDT,SOLUSDT,NEOUSDT,ETCUSDT,THETAUSDT,ENJUSDT,UNIUSDT,NPXSUSDT,LUNAUSDT,AVAXUSDT,ONEUSDT,ATOMUSDT,FTMUSDT,ZECUSDT,IOTAUSDT,DASHUSDT,SUSHIUSDT,EGLDUSDT,OMGUSDT,MANAUSDT,CRVUSDT,XTZUSDT,ALGOUSDT,XMRUSDT,ZILUSDT,STMXUSDT,HBARUSDT,BATUSDT,FETUSDT,KAVAUSDT,SANDUSDT,OCEANUSDT"
2021-05-31,115,48,"BTCUSDT,ETHUSDT,DOGEUSDT,XRPUSDT,ADAUSDT,MATICUSDT,ETCUSDT,EOSUSDT,DOTUSDT,LTCUSDT,LINKUSDT,VETUSDT,BCHUSDT,TRXUSDT,SOLUSDT,XLMUSDT,BTTUSDT,SXPUSDT,FILUSDT,AAVEUSDT,CHZUSDT,THETAUSDT,UNIUSDT,LUNAUSDT,SUSHIUSDT,NEOUSDT,ZECUSDT,FTMUSDT,OMGUSDT,AVAXUSDT,RUNEUSDT,ATOMUSDT,DASHUSDT,ONEUSDT,CRVUSDT,DENTUSDT,XMRUSDT,HBARUSDT,XTZUSDT,ENJUSDT,NANOUSDT,IOTAUSDT,ZILUSDT,SRMUSDT,ALGOUSDT,WRXUSDT,EGLDUSDT,MANAUSDT"
2021-06-30,118,48,"BTCUSDT,ETHUSDT,DOGEUSDT,ADAUSDT,MATICUSDT,XRPUSDT,DOTUSDT,SOLUSDT,VETUSDT,LINKUSDT,FILUSDT,THETAUSDT,CHZUSDT,LTCUSDT,ETCUSDT,EOSUSDT,TRXUSDT,SXPUSDT,LUNAUSDT,BCHUSDT,RUNEUSDT,UNIUSDT,XLMUSDT,AAVEUSDT,BTTUSDT,FTMUSDT,SUSHIUSDT,CRVUSDT,NEOUSDT,WAVESUSDT,ZECUSDT,XMRUSDT,WRXUSDT,ENJUSDT,ATOMUSDT,ZILUSDT,OMGUSDT,ALGOUSDT,DENTUSDT,AVAXUSDT,DASHUSDT,IOTAUSDT,YFIUSDT,HBARUSDT,XTZUSDT,ONEUSDT,NANOUSDT,SRMUSDT"
2021-07-31,117,47,"BTCUSDT,ETHUSDT,DOGEUSDT,XRPUSDT,ADAUSDT,MATICUSDT,DOTUSDT,LINKUSDT,THETAUSDT,SOLUSDT,ETCUSDT,EOSUSDT,LUNAUSDT,AAVEUSDT,FILUSDT,LTCUSDT,VETUSDT,RUNEUSDT,CHZUSDT,UNIUSDT,BCHUSDT,ENJUSDT,TRXUSDT,SUSHIUSDT,ATOMUSDT,SXPUSDT,KAVAUSDT,XLMUSDT,NEOUSDT,GRTUSDT,DASHUSDT,ZECUSDT,BTTUSDT,XMRUSDT,OMGUSDT,FTMUSDT,WAVESUSDT,1INCHUSDT,CRVUSDT,YFIUSDT,DENTUSDT,ZILUSDT,AVAXUSDT,HBARUSDT,IOTAUSDT,ALGOUSDT,WRXUSDT"
2021-08-31,123,49,"BTCUSDT,ETHUSDT,ADAUSDT,DOGEUSDT,XRPUSDT,SOLUSDT,DOTUSDT,AXSUSDT,MATICUSDT,LUNAUSDT,AVAXUSDT,FILUSDT,ETCUSDT,LINKUSDT,VETUSDT,EOSUSDT,LTCUSDT,THETAUSDT,CHZUSDT,FTTUSDT,FTMUSDT,RUNEUSDT,DENTUSDT,SANDUSDT,TRXUSDT,ATOMUSDT,BCHUSDT,UNIUSDT,KAVAUSDT,BTTUSDT,SUSHIUSDT,SXPUSDT,GRTUSDT,AAVEUSDT,XLMUSDT,NEOUSDT,ENJUSDT,OMGUSDT,ALGOUSDT,EGLDUSDT,ALPHAUSDT,MANAUSDT,CRVUSDT,DASHUSDT,1INCHUSDT,XMRUSDT,ZECUSDT,WAVESUSDT,YFIUSDT"
2021-09-30,130,49,"BTCUSDT,ETHUSDT,SOLUSDT,ADAUSDT,DOTUSDT,AVAXUSDT,XRPUSDT,FTMUSDT,FILUSDT,LUNAUSDT,FTTUSDT,ATOMUSDT,DOGEUSDT,LINKUSDT,ALGOUSDT,MATICUSDT,LTCUSDT,TRXUSDT,NEARUSDT,AXSUSDT,EOSUSDT,OMGUSDT,XTZUSDT,VETUSDT,THETAUSDT,SRMUSDT,ETCUSDT,EGLDUSDT,UNIUSDT,SUSHIUSDT,BCHUSDT,SXPUSDT,CHZUSDT,CRVUSDT,AAVEUSDT,BTTUSDT,RUNEUSDT,XLMUSDT,SANDUSDT,KAVAUSDT,GRTUSDT,DENTUSDT,NEOUSDT,1INCHUSDT,ZECUSDT,DASHUSDT,ENJUSDT,MANAUSDT,ALPHAUSDT"
2021-10-31,134,50,"BTCUSDT,ETHUSDT,DOGEUSDT,SOLUSDT,DOTUSDT,XRPUSDT,FTMUSDT,MANAUSDT,ADAUSDT,AXSUSDT,FILUSDT,MATICUSDT,LUNAUSDT,AVAXUSDT,TRXUSDT,LINKUSDT,OMGUSDT,ONEUSDT,ATOMUSDT,CHZUSDT,LTCUSDT,SANDUSDT,VETUSDT,THETAUSDT,FTTUSDT,NEARUSDT,EOSUSDT,ALGOUSDT,ETCUSDT,XTZUSDT,1INCHUSDT,CRVUSDT,XLMUSDT,BTTUSDT,UNIUSDT,GRTUSDT,BCHUSDT,KAVAUSDT,ENJUSDT,DENTUSDT,FETUSDT,AAVEUSDT,EGLDUSDT,RUNEUSDT,SUSHIUSDT,HBARUSDT,SXPUSDT,ZECUSDT,SRMUSDT,NEOUSDT"
2021-11-30,139,48,"BTCUSDT,ETHUSDT,SANDUSDT,MANAUSDT,SOLUSDT,DOTUSDT,XRPUSDT,AVAXUSDT,TRXUSDT,ADAUSDT,DOGEUSDT,LTCUSDT,FILUSDT,OMGUSDT,FTMUSDT,LUNAUSDT,CHZUSDT,VETUSDT,MATICUSDT,LINKUSDT,ENJUSDT,AXSUSDT,ALGOUSDT,EGLDUSDT,ZECUSDT,ETCUSDT,EOSUSDT,THETAUSDT,CRVUSDT,ATOMUSDT,ONEUSDT,GRTUSDT,NEARUSDT,BCHUSDT,BTTUSDT,FTTUSDT,XLMUSDT,SXPUSDT,SUSHIUSDT,RUNEUSDT,DENTUSDT,UNIUSDT,AAVEUSDT,1INCHUSDT,XTZUSDT,HBARUSDT,FETUSDT,KAVAUSDT"
2021-12-31,144,49,"BTCUSDT,ETHUSDT,LUNAUSDT,MATICUSDT,SANDUSDT,SHIBUSDT,SOLUSDT,XRPUSDT,AVAXUSDT,DOTUSDT,ADAUSDT,DOGEUSDT,MANAUSDT,FTMUSDT,NEARUSDT,TRXUSDT,FILUSDT,LINKUSDT,LTCUSDT,ATOMUSDT,CRVUSDT,EGLDUSDT,EOSUSDT,SUSHIUSDT,BTTUSDT,AXSUSDT,ICPUSDT,LRCUSDT,VETUSDT,OMGUSDT,THETAUSDT,ALGOUSDT,ONEUSDT,ZECUSDT,ETCUSDT,XTZUSDT,ENJUSDT,CHZUSDT,AAVEUSDT,UNIUSDT,XLMUSDT,BCHUSDT,BATUSDT,COCOSUSDT,GRTUSDT,SXPUSDT,RUNEUSDT,DENTUSDT,FTTUSDT"
2022-01-31,138,51,"BTCUSDT,ETHUSDT,FTMUSDT,LUNAUSDT,SOLUSDT,ADAUSDT,ATOMUSDT,DOTUSDT,LINKUSDT,NEARUSDT,SANDUSDT,MATICUSDT,SHIBUSDT,XRPUSDT,DOGEUSDT,AVAXUSDT,ICPUSDT,CRVUSDT,ONEUSDT,TRXUSDT,MANAUSDT,FILUSDT,LTCUSDT,THETAUSDT,LRCUSDT,AXSUSDT,ALGOUSDT,VETUSDT,SUSHIUSDT,OMGUSDT,EGLDUSDT,FTTUSDT,EOSUSDT,ETCUSDT,YFIUSDT,AAVEUSDT,BTTUSDT,ENJUSDT,ANTUSDT,ZECUSDT,UNIUSDT,GXSUSDT,BCHUSDT,SXPUSDT,CHZUSDT,GRTUSDT,XLMUSDT,XTZUSDT,RUNEUSDT,BATUSDT,COCOSUSDT"
2022-02-28,143,50,"BTCUSDT,ETHUSDT,SHIBUSDT,LUNAUSDT,XRPUSDT,SOLUSDT,AVAXUSDT,SANDUSDT,FTMUSDT,ADAUSDT,DOTUSDT,MATICUSDT,MANAUSDT,DOGEUSDT,ATOMUSDT,TRXUSDT,NEARUSDT,LINKUSDT,AXSUSDT,FILUSDT,LTCUSDT,THETAUSDT,ICPUSDT,ETCUSDT,CRVUSDT,ONEUSDT,EGLDUSDT,VETUSDT,LRCUSDT,EOSUSDT,ALGOUSDT,KAVAUSDT,ENJUSDT,XTZUSDT,OMGUSDT,BCHUSDT,FTTUSDT,ZECUSDT,UNIUSDT,SUSHIUSDT,CHZUSDT,ANTUSDT,GRTUSDT,XLMUSDT,AAVEUSDT,COCOSUSDT,RUNEUSDT,SXPUSDT,YFIUSDT,GXSUSDT"
2022-03-31,147,48,"BTCUSDT,ETHUSDT,LUNAUSDT,SOLUSDT,XRPUSDT,AVAXUSDT,FTMUSDT,SHIBUSDT,ADAUSDT,WAVESUSDT,ETCUSDT,DOTUSDT,NEARUSDT,SANDUSDT,ATOMUSDT,DOGEUSDT,RUNEUSDT,TRXUSDT,MATICUSDT,VETUSDT,LRCUSDT,LINKUSDT,FILUSDT,MANAUSDT,AXSUSDT,LTCUSDT,CHZUSDT,ZECUSDT,EOSUSDT,ICPUSDT,EGLDUSDT,AAVEUSDT,THETAUSDT,GRTUSDT,ONEUSDT,ALGOUSDT,CRVUSDT,SUSHIUSDT,BCHUSDT,UNIUSDT,ENJUSDT,OMGUSDT,XLMUSDT,FTTUSDT,XTZUSDT,KAVAUSDT,COCOSUSDT,ANTUSDT"
2022-04-30,150,47,"BTCUSDT,ETHUSDT,LUNAUSDT,DOGEUSDT,SOLUSDT,NEARUSDT,ZILUSDT,SHIBUSDT,XRPUSDT,AVAXUSDT,WAVESUSDT,ADAUSDT,FTMUSDT,DOTUSDT,TRXUSDT,ETCUSDT,FILUSDT,SANDUSDT,RUNEUSDT,MATICUSDT,ATOMUSDT,AXSUSDT,EOSUSDT,VETUSDT,MANAUSDT,LINKUSDT,AAVEUSDT,LTCUSDT,BAKEUSDT,ICPUSDT,XMRUSDT,THETAUSDT,GRTUSDT,CHZUSDT,CRVUSDT,LRCUSDT,DYDXUSDT,KAVAUSDT,ONEUSDT,ALGOUSDT,ZECUSDT,EGLDUSDT,SUSHIUSDT,BCHUSDT,ENJUSDT,UNIUSDT,OMGUSDT"
2022-05-31,151,45,"BTCUSDT,ETHUSDT,SOLUSDT,TRXUSDT,XRPUSDT,AVAXUSDT,ADAUSDT,NEARUSDT,SHIBUSDT,FTMUSDT,DOTUSDT,DOGEUSDT,MATICUSDT,SANDUSDT,ZILUSDT,WAVESUSDT,ATOMUSDT,AXSUSDT,MANAUSDT,LINKUSDT,LTCUSDT,RUNEUSDT,FILUSDT,ALGOUSDT,VETUSDT,ETCUSDT,CRVUSDT,AAVEUSDT,EOSUSDT,XMRUSDT,ICPUSDT,EGLDUSDT,BCHUSDT,LRCUSDT,THETAUSDT,DYDXUSDT,GRTUSDT,ONEUSDT,KAVAUSDT,ZECUSDT,UNIUSDT,SUSHIUSDT,CHZUSDT,EPSUSDT,BAKEUSDT"
2022-06-30,141,47,"BTCUSDT,ETHUSDT,SOLUSDT,ADAUSDT,XRPUSDT,TRXUSDT,AVAXUSDT,DOGEUSDT,SHIBUSDT,LINKUSDT,WAVESUSDT,MATICUSDT,DOTUSDT,NEARUSDT,FTMUSDT,SANDUSDT,LTCUSDT,MANAUSDT,ATOMUSDT,RUNEUSDT,ICPUSDT,EGLDUSDT,ZILUSDT,VETUSDT,AXSUSDT,BCHUSDT,AAVEUSDT,FILUSDT,ETCUSDT,UNIUSDT,THETAUSDT,ALGOUSDT,XMRUSDT,ENSUSDT,EOSUSDT,CHZUSDT,FTTUSDT,ONEUSDT,XTZUSDT,CRVUSDT,GRTUSDT,DARUSDT,LRCUSDT,DYDXUSDT,SUSHIUSDT,ZECUSDT,KAVAUSDT"
2022-07-31,161,47,"BTCUSDT,ETHUSDT,SOLUSDT,MATICUSDT,ETCUSDT,ADAUSDT,XRPUSDT,AVAXUSDT,SHIBUSDT,DOTUSDT,DOGEUSDT,SANDUSDT,NEARUSDT,RUNEUSDT,ATOMUSDT,FTMUSDT,FILUSDT,TRXUSDT,LINKUSDT,WAVESUSDT,UNIUSDT,UNFIUSDT,LTCUSDT,AAVEUSDT,DYDXUSDT,MANAUSDT,CRVUSDT,ICPUSDT,AXSUSDT,ENSUSDT,BCHUSDT,FLMUSDT,ZILUSDT,VETUSDT,SNXUSDT,ONEUSDT,EOSUSDT,XMRUSDT,CHZUSDT,EGLDUSDT,ALGOUSDT,SUSHIUSDT,FTTUSDT,THETAUSDT,GRTUSDT,XTZUSDT,DARUSDT"
2022-08-31,137,47,"BTCUSDT,ETHUSDT,ETCUSDT,SOLUSDT,SHIBUSDT,ADAUSDT,CHZUSDT,DOGEUSDT,XRPUSDT,AVAXUSDT,NEARUSDT,MATICUSDT,FILUSDT,DOTUSDT,ATOMUSDT,LINKUSDT,EOSUSDT,FTMUSDT,SANDUSDT,RUNEUSDT,LTCUSDT,TRXUSDT,WAVESUSDT,UNFIUSDT,UNIUSDT,MANAUSDT,AAVEUSDT,ENSUSDT,AXSUSDT,SNXUSDT,VETUSDT,CRVUSDT,XMRUSDT,ZILUSDT,THETAUSDT,VGXUSDT,BCHUSDT,WINGUSDT,DYDXUSDT,EGLDUSDT,ONEUSDT,ICPUSDT,ALGOUSDT,GRTUSDT,FTTUSDT,SUSHIUSDT,FLMUSDT"
2022-09-30,137,46,"BTCUSDT,ETHUSDT,XRPUSDT,ETCUSDT,SOLUSDT,CHZUSDT,ATOMUSDT,ADAUSDT,SHIBUSDT,MATICUSDT,LINKUSDT,DOTUSDT,DOGEUSDT,NEARUSDT,AVAXUSDT,LTCUSDT,EOSUSDT,FILUSDT,TRXUSDT,VGXUSDT,SANDUSDT,FTMUSDT,ALGOUSDT,CRVUSDT,ENSUSDT,WAVESUSDT,RUNEUSDT,UNIUSDT,BCHUSDT,AXSUSDT,MANAUSDT,XMRUSDT,UNFIUSDT,AAVEUSDT,VETUSDT,SNXUSDT,FTTUSDT,DYDXUSDT,ICPUSDT,INJUSDT,EGLDUSDT,WINGUSDT,ZILUSDT,THETAUSDT,GRTUSDT,ONEUSDT"
2022-10-31,129,48,"BTCUSDT,ETHUSDT,DOGEUSDT,XRPUSDT,SOLUSDT,SHIBUSDT,MATICUSDT,ADAUSDT,CHZUSDT,ETCUSDT,ATOMUSDT,LINKUSDT,TRXUSDT,DOTUSDT,AVAXUSDT,NEARUSDT,APEUSDT,LTCUSDT,UNIUSDT,ENSUSDT,SANDUSDT,REEFUSDT,FILUSDT,HNTUSDT,FTMUSDT,EGLDUSDT,ALGOUSDT,EOSUSDT,AXSUSDT,DYDXUSDT,WAVESUSDT,XMRUSDT,INJUSDT,XLMUSDT,MANAUSDT,AAVEUSDT,ZILUSDT,SNXUSDT,CRVUSDT,ICPUSDT,RUNEUSDT,BCHUSDT,FTTUSDT,VETUSDT,UNFIUSDT,THETAUSDT,VGXUSDT,WINGUSDT"
2022-11-30,132,46,"BTCUSDT,ETHUSDT,DOGEUSDT,XRPUSDT,SOLUSDT,MATICUSDT,CHZUSDT,LTCUSDT,MASKUSDT,LINKUSDT,SHIBUSDT,ADAUSDT,TRXUSDT,DOTUSDT,APEUSDT,ATOMUSDT,DYDXUSDT,ALGOUSDT,NEARUSDT,AVAXUSDT,ETCUSDT,FTMUSDT,FILUSDT,SANDUSDT,CRVUSDT,UNIUSDT,SUSHIUSDT,AXSUSDT,AAVEUSDT,WAVESUSDT,ENSUSDT,EOSUSDT,INJUSDT,XMRUSDT,BCHUSDT,MANAUSDT,VETUSDT,LITUSDT,REEFUSDT,ICPUSDT,KLAYUSDT,EGLDUSDT,RUNEUSDT,XLMUSDT,SNXUSDT,ZILUSDT"
2022-12-31,116,47,"BTCUSDT,ETHUSDT,DOGEUSDT,XRPUSDT,LTCUSDT,MATICUSDT,SOLUSDT,LINKUSDT,ADAUSDT,SHIBUSDT,APEUSDT,TRXUSDT,CHZUSDT,MASKUSDT,DOTUSDT,FILUSDT,FTMUSDT,OPUSDT,AXSUSDT,ATOMUSDT,AVAXUSDT,SANDUSDT,NEARUSDT,YFIIUSDT,DYDXUSDT,XMRUSDT,ETCUSDT,WAVESUSDT,EOSUSDT,SUSHIUSDT,ALGOUSDT,UNIUSDT,CRVUSDT,ICPUSDT,MANAUSDT,AAVEUSDT,LITUSDT,EGLDUSDT,RUNEUSDT,BCHUSDT,GRTUSDT,SNXUSDT,ENSUSDT,KLAYUSDT,VETUSDT,REEFUSDT,INJUSDT"
2023-01-31,128,48,"BTCUSDT,ETHUSDT,SOLUSDT,XRPUSDT,DOGEUSDT,MATICUSDT,SHIBUSDT,LTCUSDT,OPUSDT,AVAXUSDT,ADAUSDT,FTMUSDT,NEARUSDT,FILUSDT,SANDUSDT,APEUSDT,LINKUSDT,DOTUSDT,ETCUSDT,MANAUSDT,AXSUSDT,DYDXUSDT,TRXUSDT,ATOMUSDT,FETUSDT,MASKUSDT,CHZUSDT,WAVESUSDT,CRVUSDT,XMRUSDT,AAVEUSDT,OCEANUSDT,SUSHIUSDT,UNIUSDT,INJUSDT,ALGOUSDT,KAVAUSDT,GRTUSDT,ICPUSDT,EOSUSDT,BCHUSDT,RUNEUSDT,CTXCUSDT,ENSUSDT,EGLDUSDT,SNXUSDT,LITUSDT,YFIIUSDT"
2023-02-28,156,49,"BTCUSDT,ETHUSDT,MATICUSDT,XRPUSDT,SOLUSDT,DOGEUSDT,OPUSDT,FILUSDT,FTMUSDT,SHIBUSDT,LDOUSDT,DYDXUSDT,FETUSDT,LTCUSDT,AVAXUSDT,GRTUSDT,LINKUSDT,DOTUSDT,ADAUSDT,SANDUSDT,RNDRUSDT,MASKUSDT,NEARUSDT,TRXUSDT,ATOMUSDT,CHZUSDT,ETCUSDT,INJUSDT,CRVUSDT,FXSUSDT,LRCUSDT,AXSUSDT,MANAUSDT,APEUSDT,EOSUSDT,OCEANUSDT,WAVESUSDT,UNIUSDT,ZILUSDT,ICPUSDT,SUSHIUSDT,AAVEUSDT,ALGOUSDT,XMRUSDT,ENSUSDT,RUNEUSDT,CTXCUSDT,BCHUSDT,KAVAUSDT"
2023-03-31,137,50,"BTCUSDT,ETHUSDT,XRPUSDT,SOLUSDT,MATICUSDT,LTCUSDT,FTMUSDT,DOGEUSDT,FILUSDT,OPUSDT,MASKUSDT,LDOUSDT,ADAUSDT,STXUSDT,SHIBUSDT,DYDXUSDT,TRUUSDT,LINKUSDT,TRXUSDT,AVAXUSDT,FETUSDT,DOTUSDT,ATOMUSDT,EOSUSDT,NEARUSDT,GRTUSDT,SANDUSDT,IMXUSDT,ETCUSDT,INJUSDT,RNDRUSDT,APEUSDT,CRVUSDT,BNXUSDT,COCOSUSDT,XMRUSDT,FXSUSDT,MDTUSDT,MANAUSDT,CHZUSDT,NEOUSDT,ALGOUSDT,AXSUSDT,VETUSDT,UNIUSDT,ICPUSDT,OCEANUSDT,LRCUSDT,WAVESUSDT,ZILUSDT"
2023-04-30,145,51,"BTCUSDT,ETHUSDT,DOGEUSDT,XRPUSDT,SOLUSDT,LTCUSDT,MATICUSDT,ADAUSDT,INJUSDT,FTMUSDT,SXPUSDT,RNDRUSDT,SHIBUSDT,FILUSDT,LINKUSDT,AVAXUSDT,OPUSDT,DYDXUSDT,MASKUSDT,DOTUSDT,ATOMUSDT,LINAUSDT,FETUSDT,LDOUSDT,TRXUSDT,COCOSUSDT,SANDUSDT,NEARUSDT,VGXUSDT,CHZUSDT,APEUSDT,ETCUSDT,ZILUSDT,STXUSDT,ICPUSDT,MANAUSDT,GRTUSDT,EOSUSDT,SNXUSDT,XMRUSDT,CRVUSDT,BNXUSDT,IMXUSDT,LRCUSDT,ALGOUSDT,AXSUSDT,FXSUSDT,VETUSDT,NEOUSDT,TRUUSDT,MDTUSDT"
2023-05-31,112,48,"BTCUSDT,ETHUSDT,XRPUSDT,LTCUSDT,SOLUSDT,RNDRUSDT,MATICUSDT,DOGEUSDT,FTMUSDT,LINAUSDT,ADAUSDT,OPUSDT,TRXUSDT,INJUSDT,LDOUSDT,AVAXUSDT,FILUSDT,SHIBUSDT,MASKUSDT,LINKUSDT,FETUSDT,STXUSDT,ATOMUSDT,IDEXUSDT,SANDUSDT,DYDXUSDT,DOTUSDT,COCOSUSDT,APEUSDT,EOSUSDT,NEARUSDT,XMRUSDT,GRTUSDT,ICPUSDT,CHZUSDT,AXSUSDT,MANAUSDT,CRVUSDT,SXPUSDT,NEOUSDT,SNXUSDT,ETCUSDT,IMXUSDT,ALGOUSDT,VGXUSDT,ZILUSDT,BNXUSDT,LRCUSDT"
2023-06-30,108,46,"BTCUSDT,ETHUSDT,XRPUSDT,LTCUSDT,SOLUSDT,MATICUSDT,LINAUSDT,DOGEUSDT,ADAUSDT,OPUSDT,RNDRUSDT,FTMUSDT,AVAXUSDT,TRXUSDT,SHIBUSDT,LINKUSDT,WAVESUSDT,FILUSDT,INJUSDT,APEUSDT,DOTUSDT,STXUSDT,SANDUSDT,TOMOUSDT,EOSUSDT,MASKUSDT,DYDXUSDT,ETCUSDT,LDOUSDT,NEARUSDT,KEYUSDT,FETUSDT,ATOMUSDT,XMRUSDT,CRVUSDT,GRTUSDT,AXSUSDT,KAVAUSDT,MANAUSDT,CHZUSDT,SNXUSDT,SXPUSDT,HOOKUSDT,ICPUSDT,NEOUSDT,IDEXUSDT"
2023-07-31,129,47,"BTCUSDT,ETHUSDT,XRPUSDT,SOLUSDT,DOGEUSDT,LTCUSDT,BCHUSDT,MATICUSDT,ADAUSDT,LINKUSDT,OPUSDT,COMPUSDT,AVAXUSDT,SHIBUSDT,FILUSDT,TRXUSDT,FTMUSDT,WAVESUSDT,SNXUSDT,INJUSDT,DOTUSDT,APEUSDT,AAVEUSDT,DYDXUSDT,MASKUSDT,LDOUSDT,ETCUSDT,UNIUSDT,EOSUSDT,ATOMUSDT,NEARUSDT,CRVUSDT,RNDRUSDT,GRTUSDT,SANDUSDT,XMRUSDT,FETUSDT,STXUSDT,LINAUSDT,TOMOUSDT,KAVAUSDT,AXSUSDT,MANAUSDT,SXPUSDT,CHZUSDT,HOOKUSDT,KEYUSDT"
2023-08-31,115,45,"BTCUSDT,ETHUSDT,XRPUSDT,SOLUSDT,SHIBUSDT,DOGEUSDT,LTCUSDT,OPUSDT,MATICUSDT,BCHUSDT,LINKUSDT,ADAUSDT,HBARUSDT,CRVUSDT,TRXUSDT,APEUSDT,TOMOUSDT,AVAXUSDT,DYDXUSDT,MKRUSDT,FILUSDT,FTMUSDT,STMXUSDT,FETUSDT,COMPUSDT,INJUSDT,ATOMUSDT,DOTUSDT,XMRUSDT,XLMUSDT,UNIUSDT,SNXUSDT,RNDRUSDT,SANDUSDT,LINAUSDT,ETCUSDT,STXUSDT,MASKUSDT,EOSUSDT,AAVEUSDT,LDOUSDT,NEARUSDT,WAVESUSDT,GRTUSDT,KAVAUSDT"
2023-09-30,123,48,"BTCUSDT,ETHUSDT,XRPUSDT,SOLUSDT,LTCUSDT,LINKUSDT,DOGEUSDT,BCHUSDT,BLZUSDT,MATICUSDT,UNFIUSDT,TRXUSDT,OPUSDT,RUNEUSDT,ADAUSDT,SHIBUSDT,MKRUSDT,APEUSDT,FETUSDT,STMXUSDT,AVAXUSDT,DOTUSDT,LEVERUSDT,FILUSDT,ATOMUSDT,CRVUSDT,XLMUSDT,DYDXUSDT,SNXUSDT,FTMUSDT,BAKEUSDT,XMRUSDT,RNDRUSDT,COMPUSDT,HBARUSDT,AKROUSDT,INJUSDT,LINAUSDT,TOMOUSDT,NEARUSDT,STXUSDT,ETCUSDT,AAVEUSDT,EOSUSDT,UNIUSDT,SANDUSDT,MASKUSDT,LDOUSDT"
2023-10-31,136,51,"BTCUSDT,ETHUSDT,XRPUSDT,SOLUSDT,LINKUSDT,LOOMUSDT,DOGEUSDT,MATICUSDT,ARBUSDT,RUNEUSDT,AVAXUSDT,LTCUSDT,BCHUSDT,TRXUSDT,SHIBUSDT,OPUSDT,ADAUSDT,BLZUSDT,RNDRUSDT,INJUSDT,FETUSDT,DOTUSDT,ATOMUSDT,AAVEUSDT,LEVERUSDT,DYDXUSDT,FILUSDT,APEUSDT,UNFIUSDT,MKRUSDT,STXUSDT,FTMUSDT,XMRUSDT,ETCUSDT,BAKEUSDT,FRONTUSDT,NEARUSDT,LDOUSDT,UNIUSDT,AMBUSDT,EOSUSDT,HIFIUSDT,XLMUSDT,CRVUSDT,HBARUSDT,TOMOUSDT,SNXUSDT,LINAUSDT,AKROUSDT,STMXUSDT,COMPUSDT"
2023-11-30,156,45,"BTCUSDT,ETHUSDT,SOLUSDT,XRPUSDT,DOGEUSDT,LINKUSDT,AVAXUSDT,MATICUSDT,RUNEUSDT,ARBUSDT,DYDXUSDT,ADAUSDT,NEARUSDT,RNDRUSDT,SUIUSDT,FETUSDT,DOTUSDT,OPUSDT,SHIBUSDT,LTCUSDT,ATOMUSDT,FILUSDT,TRXUSDT,INJUSDT,UNIUSDT,FTMUSDT,LDOUSDT,AAVEUSDT,GRTUSDT,APEUSDT,SNXUSDT,ETCUSDT,UNFIUSDT,LOOMUSDT,HIFIUSDT,BCHUSDT,STXUSDT,MKRUSDT,XMRUSDT,EOSUSDT,BAKEUSDT,BLZUSDT,LEVERUSDT,FRONTUSDT,AMBUSDT"
2023-12-31,165,44,"BTCUSDT,ETHUSDT,SOLUSDT,AVAXUSDT,XRPUSDT,DOGEUSDT,ADAUSDT,OPUSDT,MATICUSDT,ARBUSDT,LINKUSDT,INJUSDT,NEARUSDT,DOTUSDT,RUNEUSDT,BAKEUSDT,FILUSDT,SHIBUSDT,ATOMUSDT,DYDXUSDT,SUIUSDT,FTMUSDT,STXUSDT,RNDRUSDT,FETUSDT,PEPEUSDT,LTCUSDT,ETCUSDT,TRXUSDT,IMXUSDT,BCHUSDT,UNIUSDT,AAVEUSDT,SANDUSDT,EGLDUSDT,LDOUSDT,SNXUSDT,AXSUSDT,GRTUSDT,APEUSDT,UNFIUSDT,MKRUSDT,LOOMUSDT,HIFIUSDT"
2024-01-31,157,44,"BTCUSDT,ETHUSDT,SOLUSDT,ARBUSDT,XRPUSDT,SUIUSDT,AVAXUSDT,OPUSDT,LINKUSDT,MATICUSDT,DOGEUSDT,INJUSDT,ADAUSDT,ICPUSDT,FILUSDT,RUNEUSDT,ETCUSDT,NEARUSDT,DOTUSDT,STXUSDT,LTCUSDT,TRXUSDT,LDOUSDT,RNDRUSDT,DYDXUSDT,SHIBUSDT,ATOMUSDT,BCHUSDT,BAKEUSDT,FTMUSDT,PEPEUSDT,MKRUSDT,FETUSDT,RDNTUSDT,APEUSDT,GRTUSDT,AAVEUSDT,UNIUSDT,HBARUSDT,SANDUSDT,EGLDUSDT,AXSUSDT,SNXUSDT,IMXUSDT"
2024-02-29,159,48,"BTCUSDT,ETHUSDT,SOLUSDT,XRPUSDT,WLDUSDT,DOGEUSDT,LINKUSDT,ARBUSDT,AVAXUSDT,SUIUSDT,FILUSDT,ADAUSDT,MATICUSDT,PEPEUSDT,INJUSDT,RNDRUSDT,RUNEUSDT,OPUSDT,SHIBUSDT,NEARUSDT,UNIUSDT,FETUSDT,STXUSDT,LTCUSDT,DOTUSDT,ETCUSDT,TRXUSDT,DYDXUSDT,ICPUSDT,BCHUSDT,HBARUSDT,GRTUSDT,ATOMUSDT,ENSUSDT,FTMUSDT,MASKUSDT,LDOUSDT,APEUSDT,CHZUSDT,AAVEUSDT,IMXUSDT,SANDUSDT,AXSUSDT,BAKEUSDT,SNXUSDT,RDNTUSDT,EGLDUSDT,MKRUSDT"
2024-03-31,171,48,"BTCUSDT,ETHUSDT,SOLUSDT,SHIBUSDT,DOGEUSDT,PEPEUSDT,XRPUSDT,AVAXUSDT,ARBUSDT,WLDUSDT,NEARUSDT,FETUSDT,RUNEUSDT,FTMUSDT,FILUSDT,ADAUSDT,RNDRUSDT,MATICUSDT,SUIUSDT,LTCUSDT,BCHUSDT,LINKUSDT,OPUSDT,DOTUSDT,SEIUSDT,INJUSDT,AGIXUSDT,ICPUSDT,ETCUSDT,UNIUSDT,ATOMUSDT,GRTUSDT,STXUSDT,TRXUSDT,SANDUSDT,THETAUSDT,OMUSDT,DYDXUSDT,MKRUSDT,ENSUSDT,APEUSDT,MASKUSDT,HBARUSDT,LDOUSDT,AXSUSDT,AAVEUSDT,CHZUSDT,IMXUSDT"
2024-04-30,174,49,"BTCUSDT,ETHUSDT,SOLUSDT,DOGEUSDT,PEPEUSDT,XRPUSDT,SHIBUSDT,NEARUSDT,BCHUSDT,RUNEUSDT,AVAXUSDT,ARBUSDT,LTCUSDT,WLDUSDT,FETUSDT,ADAUSDT,FTMUSDT,FILUSDT,SUIUSDT,LINKUSDT,MATICUSDT,RNDRUSDT,OPUSDT,HBARUSDT,ETCUSDT,TRXUSDT,DOTUSDT,ICPUSDT,INJUSDT,SEIUSDT,UNIUSDT,STXUSDT,OMUSDT,AGIXUSDT,MKRUSDT,ATOMUSDT,REIUSDT,THETAUSDT,GRTUSDT,CHZUSDT,EOSUSDT,LDOUSDT,SANDUSDT,DYDXUSDT,AAVEUSDT,APEUSDT,MASKUSDT,ENSUSDT,AXSUSDT"
2024-05-31,170,49,"BTCUSDT,ETHUSDT,SOLUSDT,PEPEUSDT,DOGEUSDT,XRPUSDT,SHIBUSDT,RNDRUSDT,WLDUSDT,ARBUSDT,NEARUSDT,RUNEUSDT,AVAXUSDT,LINKUSDT,FETUSDT,OPUSDT,FTMUSDT,SUIUSDT,ADAUSDT,ETCUSDT,MATICUSDT,LTCUSDT,FILUSDT,ICPUSDT,TRXUSDT,TIAUSDT,LDOUSDT,BCHUSDT,DOTUSDT,ENSUSDT,INJUSDT,SEIUSDT,UNIUSDT,CHZUSDT,AGIXUSDT,STXUSDT,GRTUSDT,HBARUSDT,ATOMUSDT,BNXUSDT,LEVERUSDT,DYDXUSDT,AAVEUSDT,MKRUSDT,EOSUSDT,THETAUSDT,OMUSDT,SANDUSDT,REIUSDT"
2024-06-30,167,51,"BTCUSDT,ETHUSDT,SOLUSDT,PEPEUSDT,XRPUSDT,DOGEUSDT,ORDIUSDT,SHIBUSDT,FETUSDT,WLDUSDT,NEARUSDT,AVAXUSDT,ARBUSDT,INJUSDT,RNDRUSDT,CRVUSDT,RUNEUSDT,FTMUSDT,ADAUSDT,FILUSDT,LINKUSDT,ENSUSDT,LDOUSDT,UNIUSDT,OPUSDT,TRXUSDT,MATICUSDT,SUIUSDT,LTCUSDT,TIAUSDT,DOTUSDT,ICPUSDT,STXUSDT,TRUUSDT,BCHUSDT,CHZUSDT,AGIXUSDT,SEIUSDT,ETCUSDT,OMUSDT,MKRUSDT,DYDXUSDT,BNXUSDT,FRONTUSDT,LEVERUSDT,EOSUSDT,ATOMUSDT,AAVEUSDT,HBARUSDT,GRTUSDT,THETAUSDT"
2024-07-31,138,48,"BTCUSDT,ETHUSDT,SOLUSDT,PEPEUSDT,XRPUSDT,DOGEUSDT,BONKUSDT,WLDUSDT,SHIBUSDT,AVAXUSDT,NEARUSDT,RUNEUSDT,ORDIUSDT,ARBUSDT,FETUSDT,ADAUSDT,ENSUSDT,TRXUSDT,RNDRUSDT,LINKUSDT,TIAUSDT,MATICUSDT,BNXUSDT,FTMUSDT,OPUSDT,LTCUSDT,DOTUSDT,MKRUSDT,INJUSDT,BCHUSDT,FILUSDT,ICPUSDT,SUIUSDT,LDOUSDT,SEIUSDT,AGIXUSDT,JTOUSDT,OMUSDT,CRVUSDT,UNIUSDT,STXUSDT,AAVEUSDT,ETCUSDT,DYDXUSDT,TRUUSDT,CHZUSDT,FRONTUSDT,LEVERUSDT"
2024-08-31,151,42,"BTCUSDT,ETHUSDT,SOLUSDT,PEPEUSDT,XRPUSDT,DOGEUSDT,TRXUSDT,SUIUSDT,FETUSDT,RUNEUSDT,AVAXUSDT,NEARUSDT,SHIBUSDT,ORDIUSDT,MATICUSDT,BONKUSDT,AAVEUSDT,ARBUSDT,CRVUSDT,ADAUSDT,WLDUSDT,FTMUSDT,TIAUSDT,LTCUSDT,LINKUSDT,SEIUSDT,JUPUSDT,BCHUSDT,INJUSDT,OPUSDT,FILUSDT,MKRUSDT,DOTUSDT,JTOUSDT,ICPUSDT,STXUSDT,ENSUSDT,UNIUSDT,LDOUSDT,ETCUSDT,BNXUSDT,OMUSDT"
2024-09-30,140,44,"BTCUSDT,ETHUSDT,SOLUSDT,PEPEUSDT,SUIUSDT,XRPUSDT,FETUSDT,DOGEUSDT,NEARUSDT,FTMUSDT,SHIBUSDT,AVAXUSDT,SEIUSDT,AAVEUSDT,ORDIUSDT,TRXUSDT,WLDUSDT,RUNEUSDT,TIAUSDT,BONKUSDT,MATICUSDT,ARBUSDT,ADAUSDT,CRVUSDT,LTCUSDT,STRKUSDT,LINKUSDT,INJUSDT,ICPUSDT,OPUSDT,FILUSDT,JUPUSDT,UNIUSDT,DOTUSDT,BCHUSDT,STXUSDT,MKRUSDT,ATOMUSDT,BNXUSDT,ENSUSDT,JTOUSDT,LDOUSDT,OMUSDT,ETCUSDT"
2024-10-31,146,47,"BTCUSDT,ETHUSDT,SOLUSDT,PEPEUSDT,SUIUSDT,DOGEUSDT,WIFUSDT,XRPUSDT,WLDUSDT,SHIBUSDT,SEIUSDT,FETUSDT,RUNEUSDT,ENAUSDT,APEUSDT,FTMUSDT,BONKUSDT,NEARUSDT,AVAXUSDT,TIAUSDT,TRXUSDT,ARBUSDT,ORDIUSDT,UNIUSDT,LINKUSDT,ADAUSDT,JUPUSDT,LTCUSDT,DYDXUSDT,AAVEUSDT,BCHUSDT,INJUSDT,OPUSDT,FILUSDT,STXUSDT,DOTUSDT,ICPUSDT,JTOUSDT,BNXUSDT,MKRUSDT,STRKUSDT,CRVUSDT,OMUSDT,MANTAUSDT,ATOMUSDT,LDOUSDT,ENSUSDT"
2024-11-30,159,49,"BTCUSDT,ETHUSDT,DOGEUSDT,SOLUSDT,XRPUSDT,PEPEUSDT,ADAUSDT,SUIUSDT,SHIBUSDT,WIFUSDT,BONKUSDT,WLDUSDT,AVAXUSDT,NEARUSDT,DOTUSDT,FETUSDT,ARBUSDT,TRXUSDT,LTCUSDT,FTMUSDT,ENAUSDT,SEIUSDT,TIAUSDT,LINKUSDT,RUNEUSDT,UNIUSDT,OPUSDT,OMUSDT,FILUSDT,ENSUSDT,ORDIUSDT,BCHUSDT,TROYUSDT,AAVEUSDT,INJUSDT,ICPUSDT,ATOMUSDT,CRVUSDT,JUPUSDT,LDOUSDT,APEUSDT,STXUSDT,STRKUSDT,PYTHUSDT,MKRUSDT,JTOUSDT,DYDXUSDT,MANTAUSDT,BNXUSDT"
2024-12-31,158,50,"BTCUSDT,ETHUSDT,XRPUSDT,DOGEUSDT,SOLUSDT,PEPEUSDT,SUIUSDT,TRXUSDT,ADAUSDT,HBARUSDT,LINKUSDT,SHIBUSDT,AVAXUSDT,ENAUSDT,WLDUSDT,LTCUSDT,WIFUSDT,XLMUSDT,AAVEUSDT,CRVUSDT,DOTUSDT,FTMUSDT,UNIUSDT,NEARUSDT,ARBUSDT,SANDUSDT,BONKUSDT,FETUSDT,FILUSDT,RUNEUSDT,ALGOUSDT,OPUSDT,SEIUSDT,ETCUSDT,ORDIUSDT,TIAUSDT,BCHUSDT,ENSUSDT,STXUSDT,DYDXUSDT,ICPUSDT,ATOMUSDT,LDOUSDT,INJUSDT,OMUSDT,APEUSDT,TROYUSDT,JUPUSDT,STRKUSDT,PYTHUSDT"
2025-01-31,143,51,"BTCUSDT,ETHUSDT,SOLUSDT,XRPUSDT,DOGEUSDT,SUIUSDT,PEPEUSDT,ADAUSDT,TRXUSDT,ENAUSDT,HBARUSDT,LINKUSDT,LTCUSDT,WIFUSDT,WLDUSDT,XLMUSDT,AVAXUSDT,RUNEUSDT,SHIBUSDT,FTMUSDT,AAVEUSDT,JUPUSDT,BONKUSDT,FETUSDT,ARBUSDT,NEARUSDT,DOTUSDT,UNIUSDT,CRVUSDT,FILUSDT,ALGOUSDT,OPUSDT,SEIUSDT,SANDUSDT,OMUSDT,LDOUSDT,TIAUSDT,VETUSDT,INJUSDT,ETCUSDT,IOTAUSDT,ICPUSDT,BCHUSDT,ORDIUSDT,TROYUSDT,ENSUSDT,ATOMUSDT,EOSUSDT,DYDXUSDT,APEUSDT,STXUSDT"
2025-02-28,136,49,"BTCUSDT,ETHUSDT,XRPUSDT,SOLUSDT,DOGEUSDT,SUIUSDT,PEPEUSDT,LTCUSDT,TRXUSDT,ADAUSDT,RUNEUSDT,LINKUSDT,ENAUSDT,WIFUSDT,HBARUSDT,OMUSDT,AVAXUSDT,WLDUSDT,AAVEUSDT,JUPUSDT,SHIBUSDT,NEARUSDT,DOTUSDT,LDOUSDT,XLMUSDT,UNIUSDT,ARBUSDT,SEIUSDT,OPUSDT,FETUSDT,CRVUSDT,TIAUSDT,FILUSDT,BONKUSDT,ALGOUSDT,ORDIUSDT,INJUSDT,ETCUSDT,VETUSDT,BCHUSDT,ATOMUSDT,SANDUSDT,ICPUSDT,ENSUSDT,DYDXUSDT,EOSUSDT,APEUSDT,IOTAUSDT,TROYUSDT"
2025-03-31,126,50,"BTCUSDT,ETHUSDT,XRPUSDT,SOLUSDT,ADAUSDT,DOGEUSDT,PEPEUSDT,SUIUSDT,TRXUSDT,LTCUSDT,LINKUSDT,ENAUSDT,HBARUSDT,AVAXUSDT,WIFUSDT,BNXUSDT,AAVEUSDT,RUNEUSDT,NEARUSDT,WLDUSDT,SHIBUSDT,TONUSDT,DOTUSDT,BCHUSDT,XLMUSDT,CRVUSDT,SEIUSDT,UNIUSDT,ARBUSDT,OMUSDT,FETUSDT,TIAUSDT,BONKUSDT,FILUSDT,OPUSDT,EOSUSDT,ORDIUSDT,JUPUSDT,MKRUSDT,LDOUSDT,INJUSDT,ALGOUSDT,ETCUSDT,VETUSDT,ATOMUSDT,JTOUSDT,ICPUSDT,APEUSDT,SANDUSDT,ENSUSDT"
2025-04-30,129,48,"BTCUSDT,ETHUSDT,SOLUSDT,XRPUSDT,SUIUSDT,DOGEUSDT,PEPEUSDT,TRXUSDT,ADAUSDT,OMUSDT,LINKUSDT,AVAXUSDT,EOSUSDT,ENAUSDT,WIFUSDT,LTCUSDT,CRVUSDT,HBARUSDT,BONKUSDT,WLDUSDT,NEARUSDT,AAVEUSDT,TONUSDT,SHIBUSDT,FETUSDT,DOTUSDT,BCHUSDT,SEIUSDT,ARBUSDT,FILUSDT,UNIUSDT,XLMUSDT,TIAUSDT,RUNEUSDT,VIDTUSDT,JUPUSDT,OPUSDT,ATOMUSDT,MKRUSDT,LDOUSDT,VETUSDT,ALGOUSDT,INJUSDT,ORDIUSDT,ETCUSDT,ICPUSDT,JTOUSDT,APEUSDT"
2025-05-31,115,48,"BTCUSDT,ETHUSDT,SOLUSDT,PEPEUSDT,XRPUSDT,DOGEUSDT,SUIUSDT,TRXUSDT,WIFUSDT,ADAUSDT,ENAUSDT,WLDUSDT,AVAXUSDT,LINKUSDT,LTCUSDT,BONKUSDT,UNIUSDT,AAVEUSDT,ALPACAUSDT,SHIBUSDT,NEARUSDT,ARBUSDT,HBARUSDT,FETUSDT,OMUSDT,RUNEUSDT,TONUSDT,CRVUSDT,OPUSDT,DOTUSDT,TIAUSDT,EOSUSDT,BCHUSDT,ORDIUSDT,SEIUSDT,XLMUSDT,FILUSDT,LDOUSDT,INJUSDT,JUPUSDT,ETCUSDT,MASKUSDT,ATOMUSDT,VETUSDT,ICPUSDT,NEOUSDT,ALGOUSDT,MKRUSDT"
2025-06-30,99,48,"BTCUSDT,ETHUSDT,SOLUSDT,XRPUSDT,PEPEUSDT,DOGEUSDT,SUIUSDT,TRXUSDT,UNIUSDT,ADAUSDT,WIFUSDT,ENAUSDT,AAVEUSDT,SEIUSDT,AVAXUSDT,LINKUSDT,WLDUSDT,BCHUSDT,LTCUSDT,ARBUSDT,FETUSDT,NEARUSDT,MASKUSDT,OPUSDT,CRVUSDT,DOTUSDT,HBARUSDT,SHIBUSDT,TONUSDT,BONKUSDT,TIAUSDT,LDOUSDT,MKRUSDT,RUNEUSDT,INJUSDT,XLMUSDT,ICPUSDT,FILUSDT,JUPUSDT,OMUSDT,ENSUSDT,ETCUSDT,ORDIUSDT,DYDXUSDT,ATOMUSDT,ALGOUSDT,VETUSDT,NEOUSDT"
2025-07-31,108,49,"ETHUSDT,BTCUSDT,XRPUSDT,SOLUSDT,DOGEUSDT,PEPEUSDT,SUIUSDT,TRXUSDT,ENAUSDT,BONKUSDT,ADAUSDT,UNIUSDT,HBARUSDT,XLMUSDT,WIFUSDT,LTCUSDT,LINKUSDT,AVAXUSDT,SEIUSDT,AAVEUSDT,CRVUSDT,WLDUSDT,ARBUSDT,BCHUSDT,TONUSDT,OPUSDT,NEARUSDT,SHIBUSDT,DOTUSDT,FETUSDT,LDOUSDT,TIAUSDT,OMUSDT,ETCUSDT,FILUSDT,ALGOUSDT,ENSUSDT,FUNUSDT,INJUSDT,RUNEUSDT,JUPUSDT,MKRUSDT,ORDIUSDT,ICPUSDT,COMPUSDT,VETUSDT,ATOMUSDT,DYDXUSDT,MASKUSDT"
2025-08-31,101,48,"ETHUSDT,BTCUSDT,SOLUSDT,XRPUSDT,DOGEUSDT,ADAUSDT,LINKUSDT,ENAUSDT,SUIUSDT,TRXUSDT,PEPEUSDT,UNIUSDT,LTCUSDT,ARBUSDT,AVAXUSDT,BONKUSDT,AAVEUSDT,HBARUSDT,SEIUSDT,XLMUSDT,LDOUSDT,WIFUSDT,CRVUSDT,WLDUSDT,DOTUSDT,BCHUSDT,TONUSDT,NEARUSDT,OPUSDT,ETCUSDT,SHIBUSDT,TIAUSDT,FILUSDT,INJUSDT,FETUSDT,OMUSDT,ALGOUSDT,ENSUSDT,ICPUSDT,VETUSDT,RUNEUSDT,ORDIUSDT,JUPUSDT,ATOMUSDT,MKRUSDT,OMNIUSDT,FUNUSDT,COMPUSDT"
2025-09-30,96,47,"ETHUSDT,BTCUSDT,SOLUSDT,DOGEUSDT,XRPUSDT,AVAXUSDT,WLDUSDT,SUIUSDT,ENAUSDT,TRXUSDT,PEPEUSDT,ADAUSDT,LINKUSDT,ARBUSDT,LTCUSDT,NEARUSDT,BONKUSDT,UNIUSDT,HBARUSDT,SEIUSDT,AAVEUSDT,DOTUSDT,BCHUSDT,WIFUSDT,XLMUSDT,SHIBUSDT,CRVUSDT,LDOUSDT,PYTHUSDT,OPUSDT,FILUSDT,TONUSDT,TIAUSDT,FETUSDT,ETCUSDT,ICPUSDT,INJUSDT,OMUSDT,ORDIUSDT,MKRUSDT,JUPUSDT,OMNIUSDT,ALGOUSDT,ATOMUSDT,VETUSDT,RUNEUSDT,ENSUSDT"
2025-10-31,93,47,"BTCUSDT,ETHUSDT,SOLUSDT,XRPUSDT,DOGEUSDT,ZECUSDT,SUIUSDT,ADAUSDT,TRXUSDT,LINKUSDT,AVAXUSDT,ENAUSDT,PEPEUSDT,LTCUSDT,WLDUSDT,NEARUSDT,HBARUSDT,UNIUSDT,AAVEUSDT,ARBUSDT,BCHUSDT,BONKUSDT,DOTUSDT,WIFUSDT,FETUSDT,SNXUSDT,SEIUSDT,XLMUSDT,CRVUSDT,FILUSDT,LDOUSDT,TONUSDT,OPUSDT,SHIBUSDT,ETCUSDT,TIAUSDT,ICPUSDT,INJUSDT,ATOMUSDT,ALGOUSDT,OMUSDT,RUNEUSDT,VETUSDT,ENSUSDT,PYTHUSDT,ORDIUSDT,JUPUSDT"
2025-11-30,84,49,"BTCUSDT,ETHUSDT,ZECUSDT,SOLUSDT,XRPUSDT,DOGEUSDT,DASHUSDT,ICPUSDT,TRXUSDT,SUIUSDT,UNIUSDT,FILUSDT,LTCUSDT,ADAUSDT,STRKUSDT,LINKUSDT,NEARUSDT,AVAXUSDT,ENAUSDT,PEPEUSDT,FETUSDT,HBARUSDT,BCHUSDT,AAVEUSDT,WLDUSDT,DOTUSDT,ARBUSDT,SEIUSDT,WIFUSDT,BONKUSDT,XLMUSDT,TONUSDT,ETCUSDT,CRVUSDT,TIAUSDT,OPUSDT,SHIBUSDT,INJUSDT,LDOUSDT,KDAUSDT,ORDIUSDT,ATOMUSDT,ALGOUSDT,VETUSDT,SNXUSDT,RUNEUSDT,ENSUSDT,OMUSDT,PYTHUSDT"
2025-12-31,80,46,"BTCUSDT,ETHUSDT,SOLUSDT,ZECUSDT,XRPUSDT,DOGEUSDT,SUIUSDT,TRXUSDT,ADAUSDT,LINKUSDT,AVAXUSDT,BCHUSDT,PEPEUSDT,UNIUSDT,ENAUSDT,LTCUSDT,NEARUSDT,AAVEUSDT,HBARUSDT,WIFUSDT,DOTUSDT,WLDUSDT,FILUSDT,DASHUSDT,ICPUSDT,ARBUSDT,FETUSDT,SEIUSDT,BONKUSDT,TONUSDT,SHIBUSDT,XLMUSDT,STRKUSDT,CRVUSDT,TIAUSDT,OPUSDT,INJUSDT,LDOUSDT,ETCUSDT,ORDIUSDT,BATUSDT,ATOMUSDT,ALGOUSDT,VETUSDT,OMUSDT,SNXUSDT"
2026-01-31,76,47,"BTCUSDT,ETHUSDT,SOLUSDT,XRPUSDT,ZECUSDT,DOGEUSDT,SUIUSDT,PEPEUSDT,TRXUSDT,DASHUSDT,ADAUSDT,LTCUSDT,BCHUSDT,LINKUSDT,AVAXUSDT,ENAUSDT,NEARUSDT,BONKUSDT,ICPUSDT,UNIUSDT,WLDUSDT,HBARUSDT,WIFUSDT,FILUSDT,FETUSDT,AAVEUSDT,DOTUSDT,SHIBUSDT,CHZUSDT,ARBUSDT,XLMUSDT,TONUSDT,SEIUSDT,OPUSDT,CRVUSDT,TIAUSDT,STRKUSDT,INJUSDT,ETCUSDT,BIFIUSDT,LDOUSDT,ATOMUSDT,ORDIUSDT,ALGOUSDT,VETUSDT,OMUSDT,BATUSDT"
2026-02-28,71,47,"BTCUSDT,ETHUSDT,SOLUSDT,XRPUSDT,DOGEUSDT,ZECUSDT,SUIUSDT,TRXUSDT,ADAUSDT,PEPEUSDT,LINKUSDT,AVAXUSDT,LTCUSDT,BCHUSDT,UNIUSDT,NEARUSDT,ENAUSDT,AAVEUSDT,HBARUSDT,FILUSDT,DOTUSDT,ARBUSDT,WLDUSDT,DASHUSDT,XLMUSDT,WIFUSDT,ICPUSDT,SHIBUSDT,BONKUSDT,AXSUSDT,OPUSDT,TONUSDT,SEIUSDT,FETUSDT,CRVUSDT,INJUSDT,ETCUSDT,CHZUSDT,STRKUSDT,TIAUSDT,OMUSDT,ATOMUSDT,LDOUSDT,ALGOUSDT,JTOUSDT,VETUSDT,ORDIUSDT"
2026-03-31,70,47,"BTCUSDT,ETHUSDT,SOLUSDT,XRPUSDT,DOGEUSDT,ZECUSDT,TRXUSDT,ADAUSDT,PEPEUSDT,SUIUSDT,LINKUSDT,NEARUSDT,AVAXUSDT,LTCUSDT,FETUSDT,WLDUSDT,ENAUSDT,BCHUSDT,UNIUSDT,AAVEUSDT,DOTUSDT,FILUSDT,HBARUSDT,ICPUSDT,SHIBUSDT,WIFUSDT,XLMUSDT,TONUSDT,BONKUSDT,ARBUSDT,DASHUSDT,SEIUSDT,OMUSDT,CRVUSDT,CHZUSDT,OPUSDT,AXSUSDT,TIAUSDT,ETCUSDT,ALGOUSDT,ATOMUSDT,STRKUSDT,LDOUSDT,INJUSDT,JUPUSDT,JTOUSDT,VETUSDT"
2026-04-30,70,46,"BTCUSDT,ETHUSDT,SOLUSDT,XRPUSDT,DOGEUSDT,ZECUSDT,PEPEUSDT,TRXUSDT,ADAUSDT,TONUSDT,SUIUSDT,AVAXUSDT,LINKUSDT,ENJUSDT,AAVEUSDT,NEARUSDT,ENAUSDT,LTCUSDT,FETUSDT,WLDUSDT,DASHUSDT,UNIUSDT,DOTUSDT,XLMUSDT,HBARUSDT,ARBUSDT,BCHUSDT,ALGOUSDT,SHIBUSDT,FILUSDT,BONKUSDT,AXSUSDT,CHZUSDT,LDOUSDT,SEIUSDT,WIFUSDT,DYDXUSDT,TIAUSDT,CRVUSDT,ICPUSDT,STRKUSDT,INJUSDT,OPUSDT,ETCUSDT,JUPUSDT,ATOMUSDT"
2026-05-31,66,49,"BTCUSDT,ETHUSDT,SOLUSDT,XRPUSDT,DOGEUSDT,ZECUSDT,TONUSDT,SUIUSDT,PEPEUSDT,TRXUSDT,ADAUSDT,LINKUSDT,AAVEUSDT,AVAXUSDT,NEARUSDT,DASHUSDT,LTCUSDT,ENAUSDT,ORDIUSDT,UNIUSDT,FILUSDT,ICPUSDT,APEUSDT,FETUSDT,XLMUSDT,WLDUSDT,INJUSDT,BCHUSDT,HBARUSDT,CHZUSDT,STRKUSDT,ARBUSDT,SEIUSDT,SHIBUSDT,DOTUSDT,AXSUSDT,BONKUSDT,TIAUSDT,LDOUSDT,WIFUSDT,ENJUSDT,OPUSDT,RUNEUSDT,DYDXUSDT,ALGOUSDT,CRVUSDT,JUPUSDT,SANDUSDT,ETCUSDT"
