snapshot_date,LTCUSDT,MATICUSDT,NEOUSDT,XMRUSDT,VETUSDT,WAVESUSDT,XLMUSDT,LINKUSDT,TRXUSDT,FETUSDT,BTTUSDT,ETCUSDT,EOSUSDT,DASHUSDT,BTCUSDT,BATUSDT,ATOMUSDT,ALGOUSDT,ADAUSDT,XRPUSDT,ETHUSDT,ZECUSDT,IOTAUSDT,ERDUSDT,ENJUSDT,XTZUSDT,HBARUSDT,KAVAUSDT,NANOUSDT,OMGUSDT,THETAUSDT,BCHUSDT,CHZUSDT,ZILUSDT,RENUSDT,ONEUSDT,MFTUSDT,PERLUSDT,TOMOUSDT,TROYUSDT,DOCKUSDT,DOGEUSDT,FTMUSDT,FTTUSDT,STXUSDT,TCTUSDT,KEYUSDT,LRCUSDT,LTOUSDT,COMPUSDT,GTOUSDT,SNXUSDT,NPXSUSDT,SXPUSDT,SANDUSDT,OCEANUSDT,SOLUSDT,STMXUSDT,SUSHIUSDT,LUNAUSDT,DOTUSDT,CRVUSDT,MANAUSDT,UNIUSDT,DENTUSDT,AVAXUSDT,EGLDUSDT,RUNEUSDT,SRMUSDT,WRXUSDT,AAVEUSDT,FILUSDT,YFIUSDT,GRTUSDT,1INCHUSDT,ALPHAUSDT,AXSUSDT,NEARUSDT,SHIBUSDT,ICPUSDT,COCOSUSDT,GXSUSDT,ANTUSDT,BAKEUSDT,DYDXUSDT,EPSUSDT,DARUSDT,ENSUSDT,UNFIUSDT,FLMUSDT,VGXUSDT,WINGUSDT,INJUSDT,HNTUSDT,REEFUSDT,APEUSDT,LITUSDT,MASKUSDT,KLAYUSDT,OPUSDT,YFIIUSDT,CTXCUSDT,LDOUSDT,RNDRUSDT,FXSUSDT,BNXUSDT,MDTUSDT,TRUUSDT,IMXUSDT,LINAUSDT,IDEXUSDT,HOOKUSDT,MKRUSDT,LEVERUSDT,AKROUSDT,BLZUSDT,LOOMUSDT,HIFIUSDT,AMBUSDT,ARBUSDT,FRONTUSDT,SUIUSDT,PEPEUSDT,RDNTUSDT,WLDUSDT,OMUSDT,SEIUSDT,AGIXUSDT,REIUSDT,TIAUSDT,ORDIUSDT,JTOUSDT,BONKUSDT,JUPUSDT,STRKUSDT,MANTAUSDT,WIFUSDT,ENAUSDT,PYTHUSDT,TONUSDT,VIDTUSDT,ALPACAUSDT,FUNUSDT,OMNIUSDT,KDAUSDT,BIFIUSDT
2020-01-31,-0.03755517676472664,-0.051732372492551804,-0.030847232788801193,-0.06515837460756302,-0.05834835767745972,-0.01049288921058178,-0.05577769875526428,-0.05579712241888046,-0.04456489905714989,-0.08851339668035507,-0.05716764181852341,-0.14538994431495667,0.015054857358336449,-0.38294607400894165,-0.06892203539609909,-0.034686919301748276,-0.01749848946928978,-0.05632055178284645,0.07189792394638062,-0.05144355446100235,-0.05690866336226463,-0.14446304738521576,,,,,,,,,,,,,,,,,,,,,,,,,,,,,,,,,,,,,,,,,,,,,,,,,,,,,,,,,,,,,,,,,,,,,,,,,,,,,,,,,,,,,,,,,,,,,,,,,,,,,,,,,,,,,,,,,,,,,,,,,,,,
2020-02-29,-0.07620183378458023,-0.037532515823841095,-0.11351501941680908,-0.05702868849039078,-0.09341219812631607,-0.12320640683174133,-0.08436073362827301,-0.03605746105313301,-0.10054386407136917,-0.10581564903259277,-0.09690940380096436,-0.1751285046339035,-0.08990197628736496,-0.20949798822402954,-0.02998574636876583,-0.09364473074674606,-0.07185474038124084,-0.05954720079898834,-0.07620183378458023,-0.08436073362827301,-0.12117376178503036,-0.19199630618095398,-0.10835372656583786,,,,,,,,,,,,,,,,,,,,,,,,,,,,,,,,,,,,,,,,,,,,,,,,,,,,,,,,,,,,,,,,,,,,,,,,,,,,,,,,,,,,,,,,,,,,,,,,,,,,,,,,,,,,,,,,,,,,,,,,,,,
2020-03-31,-0.12762536108493805,0.005520701874047518,-0.09933307766914368,-0.11152192950248718,0.04462374374270439,-0.20058070123195648,-0.10343145579099655,-0.07199268043041229,-0.09261247515678406,,-0.1014011949300766,-0.06825928390026093,-0.09429119527339935,-0.05502335727214813,-0.15295499563217163,-0.055228665471076965,0.044802065938711166,0.005520701874047518,-0.08342394977807999,-0.09321621805429459,-0.14661850035190582,-0.08614882081747055,-0.0602310486137867,0.0307103730738163,-0.15110065042972565,,,,,,,,,,,,,,,,,,,,,,,,,,,,,,,,,,,,,,,,,,,,,,,,,,,,,,,,,,,,,,,,,,,,,,,,,,,,,,,,,,,,,,,,,,,,,,,,,,,,,,,,,,,,,,,,,,,,,,,,,
2020-04-30,0.0130000663921237,0.021922584623098373,0.02972988411784172,0.02972988411784172,0.02972988411784172,-0.04928549751639366,0.09181367605924606,0.046945828944444656,0.025867875665426254,,0.017812272533774376,0.02123565413057804,0.017009645700454712,-0.002083605621010065,0.017009645700454712,0.025867875665426254,0.021922584623098373,0.03009938634932041,0.10928349941968918,0.004648259840905666,0.03256947174668312,0.021922584623098373,0.017009645700454712,,-0.09484933316707611,-0.03931483253836632,-0.017506318166851997,,,,,,,,,,,,,,,,,,,,,,,,,,,,,,,,,,,,,,,,,,,,,,,,,,,,,,,,,,,,,,,,,,,,,,,,,,,,,,,,,,,,,,,,,,,,,,,,,,,,,,,,,,,,,,,,,,,,,,,
2020-05-31,-0.03759795054793358,-0.22917135059833527,-0.09588306397199631,-0.07810591161251068,-0.1800995171070099,-0.07810591161251068,-0.16383367776870728,-0.14837875962257385,-0.09334186464548111,,-0.0788179486989975,-0.0788179486989975,-0.03675852715969086,-0.0343826599419117,-0.08093416690826416,-0.12131325155496597,-0.09250244498252869,-0.07810591161251068,-0.175545796751976,-0.07769998162984848,-0.14924608170986176,-0.0788179486989975,-0.08093416690826416,-0.13803841173648834,-0.1996881067752838,-0.14921586215496063,-0.15337669849395752,-0.3210645914077759,,,,,,,,,,,,,,,,,,,,,,,,,,,,,,,,,,,,,,,,,,,,,,,,,,,,,,,,,,,,,,,,,,,,,,,,,,,,,,,,,,,,,,,,,,,,,,,,,,,,,,,,,,,,,,,,,,,,,,
2020-06-30,-0.028129493817687035,-0.12016309052705765,-0.02751164510846138,-0.12271077930927277,-0.03666788712143898,,-0.042671918869018555,-0.043336961418390274,-0.023004762828350067,-0.13881781697273254,-0.023004762828350067,-0.039815038442611694,-0.03343106433749199,-0.019940756261348724,-0.05838552117347717,-0.012260070070624352,-0.0399862565100193,-0.19845660030841827,-0.05655553936958313,-0.028129493817687035,-0.012117578648030758,-0.052462100982666016,-0.02616087719798088,-0.07510445266962051,-0.1901179999113083,-0.160198375582695,-0.042065929621458054,-0.11315237730741501,-0.291867733001709,-0.10979257524013519,-0.3504028022289276,-0.020035171881318092,-0.2784827649593353,-0.23919615149497986,,,,,,,,,,,,,,,,,,,,,,,,,,,,,,,,,,,,,,,,,,,,,,,,,,,,,,,,,,,,,,,,,,,,,,,,,,,,,,,,,,,,,,,,,,,,,,,,,,,,,,,,,,,,,,,,
2020-07-31,0.02760891243815422,-0.07579834014177322,-0.03390217944979668,-0.01613890565931797,-0.09944657236337662,0.022578928619623184,0.01874416135251522,-0.06865829974412918,0.05085446313023567,0.0073645696975290775,0.01874416135251522,0.03342725336551666,-0.010871868580579758,0.025293316692113876,-0.01613890565931797,-0.032303888350725174,0.009304775856435299,-0.046008359640836716,-0.08279263973236084,-0.02161683514714241,0.03455624729394913,0.02760891243815422,-0.030481591820716858,-0.2271026074886322,0.016390500590205193,0.026810897514224052,0.012665747664868832,-0.06229306012392044,,-0.08305039256811142,0.04142679274082184,0.02760891243815422,,-0.034961998462677,-0.15027718245983124,-0.06165693700313568,,,,,,,,,,,,,,,,,,,,,,,,,,,,,,,,,,,,,,,,,,,,,,,,,,,,,,,,,,,,,,,,,,,,,,,,,,,,,,,,,,,,,,,,,,,,,,,,,,,,,,,,,,,,,,
2020-08-31,0.051682475954294205,-0.006162819918245077,0.007302772253751755,0.056498248130083084,-0.06381379812955856,0.1515469253063202,0.051682475954294205,0.12902002036571503,-0.01059404294937849,0.053962115198373795,-0.032585859298706055,0.05073702707886696,0.007705858442932367,0.02213943563401699,0.0858021154999733,-0.04413444921374321,0.09274947643280029,0.01485141459852457,-0.017850343137979507,0.05073702707886696,0.049069155007600784,-0.09057525545358658,0.0261731818318367,0.12458038330078125,-0.08860771358013153,-0.05573573336005211,0.004361832980066538,-0.05752252787351608,-0.02570122480392456,-0.12940451502799988,0.06643785536289215,0.02620583586394787,-0.10811023414134979,-0.13123200833797455,0.06915299594402313,-0.048790737986564636,0.19610171020030975,-0.23583337664604187,-0.053813353180885315,-0.0004356680146884173,0.1256631463766098,0.07221762835979462,0.0658399686217308,0.05553048849105835,,,,,,,,,,,,,,,,,,,,,,,,,,,,,,,,,,,,,,,,,,,,,,,,,,,,,,,,,,,,,,,,,,,,,,,,,,,,,,,,,,,,,,,,,,,,,,,,,,,,,,
2020-09-30,0.05298122018575668,0.02464468777179718,-0.03132717311382294,0.03313067927956581,0.07011454552412033,-0.02080366387963295,0.035538312047719955,-0.15296554565429688,-0.02796907164156437,-0.1829884648323059,0.014601505361497402,0.08873822540044785,0.04357873648405075,0.03611718863248825,0.03770650923252106,0.05298122018575668,-0.030047055333852768,-0.0925191268324852,0.08283055573701859,0.04776528477668762,0.047281064093112946,0.0261398758739233,0.051186539232730865,,0.016253327950835228,0.01344272494316101,,-0.10811170935630798,,-0.012653297744691372,0.0762447714805603,0.0500674843788147,,0.027002552524209023,-0.20203591883182526,-0.032619912177324295,,,0.0002003169065574184,,-0.05005320534110069,0.05224957317113876,0.008016170002520084,0.0500674843788147,-0.1547311395406723,-0.1557220220565796,-0.17010001838207245,,,,,,,,,,,,,,,,,,,,,,,,,,,,,,,,,,,,,,,,,,,,,,,,,,,,,,,,,,,,,,,,,,,,,,,,,,,,,,,,,,,,,,,,,,,,,,,,,,,
2020-10-31,0.03675738722085953,-0.023087644949555397,-0.10327338427305222,0.026794789358973503,-0.001452848082408309,-0.0010905144736170769,0.06007473170757294,0.09502571821212769,0.030871529132127762,-0.046230658888816833,0.009545273147523403,0.019294997677206993,0.041919589042663574,0.03382323309779167,0.07523306459188461,-0.04637706279754639,-0.008839250542223454,-0.022000527009367943,-0.05163560062646866,0.010830191895365715,0.025494681671261787,0.0017599820857867599,0.010891328565776348,,,-0.0283962395042181,,-0.0007853982388041914,,-0.02044586092233658,-0.20579391717910767,0.026794789358973503,,0.02831127867102623,0.04247496277093887,,,,-0.014854363165795803,,,0.04259703680872917,0.02606792189180851,,,,0.0807662382721901,,,,,,,,,,,,,,,,,,,,,,,,,,,,,,,,,,,,,,,,,,,,,,,,,,,,,,,,,,,,,,,,,,,,,,,,,,,,,,,,,,,,,,,,,,,,,,,,,,,
2020-11-30,-0.1411307007074356,-0.07227669656276703,0.015501365065574646,0.028592364862561226,-0.03678508475422859,-0.10610944777727127,-0.17856226861476898,-0.1276526302099228,-0.04377549886703491,-0.15844491124153137,0.04112248122692108,-0.008196661248803139,-0.0877288207411766,-0.0408925786614418,0.03659801185131073,-0.07391466200351715,0.029170161113142967,-0.08413941413164139,-0.04512179642915726,-0.21293818950653076,-0.005032808054238558,-0.06698505580425262,-0.10921660810709,,0.02999808080494404,-0.11117447912693024,,-0.0815591961145401,,-0.07496374845504761,0.019145427271723747,-0.18760745227336884,,-0.016619453206658363,-0.16072475910186768,-0.11030018329620361,,,-0.06300326436758041,,,-0.0662941262125969,0.033755965530872345,0.03902360796928406,-0.11685022711753845,,,,,,,,,,,,,,,,,,,,,,,,,,,,,,,,,,,,,,,,,,,,,,,,,,,,,,,,,,,,,,,,,,,,,,,,,,,,,,,,,,,,,,,,,,,,,,,,,,,,,
2020-12-31,4.089261346962303e-05,-0.04325949028134346,-0.04363381490111351,0.07514401525259018,-0.04972169175744057,-0.11927393823862076,-0.18252958357334137,-0.03256460651755333,-0.00919094868004322,0.06041635945439339,0.026922553777694702,0.013714141212403774,-0.09341346472501755,0.059798065572977066,0.06758146733045578,-0.017913300544023514,0.04037284106016159,0.007914158515632153,-0.0012029882054775953,0.05809915438294411,0.08245673030614853,-0.055405814200639725,0.00048174604307860136,,-0.07098697870969772,-0.019526628777384758,,-0.018676288425922394,,-0.07441575825214386,-0.13064956665039062,0.021761547774076462,,-0.27104973793029785,-0.03182845935225487,-0.12753140926361084,,,-0.03806312009692192,,,-0.019463418051600456,-0.01654839515686035,0.08245673030614853,-0.019907403737306595,,,,,,,,,,,,,,,,,,,,,,,,,,,,,,,,,,,,,,,,,,,,,,,,,,,,,,,,,,,,,,,,,,,,,,,,,,,,,,,,,,,,,,,,,,,,,,,,,,,,,
2021-01-31,-0.08548466861248016,-0.1274087280035019,-0.021527720615267754,0.019946463406085968,-0.055976010859012604,-0.0002281990455230698,0.017761655151844025,-0.08313846588134766,0.04003995656967163,-0.1006399467587471,-0.05400751531124115,0.0050570107996463776,0.015507951378822327,-0.020054364576935768,-0.022267760708928108,0.01207466796040535,-0.09017299860715866,-0.06125257536768913,-0.06360416114330292,0.06256014108657837,-0.06867033243179321,-0.0705576241016388,-0.0172134842723608,,-0.15723013877868652,-0.025274572893977165,-0.10071483254432678,-0.11776354908943176,,0.02114594541490078,-0.026128418743610382,-0.02918318845331669,0.02468091994524002,-0.024811487644910812,-0.08313846588134766,-0.061544813215732574,,,0.03644193708896637,,,-0.42236611247062683,-0.42236611247062683,-0.09215206652879715,0.013556801714003086,,,-0.1445908546447754,-0.03748224303126335,-0.11928922683000565,-0.08856353163719177,,,,,,,,,,,,,,,,,,,,,,,,,,,,,,,,,,,,,,,,,,,,,,,,,,,,,,,,,,,,,,,,,,,,,,,,,,,,,,,,,,,,,,,,,,,,,,,
2021-02-28,0.06512244790792465,0.3340081572532654,0.06291795521974564,0.10019691288471222,0.05987132340669632,0.020158853381872177,0.05437218025326729,0.06383975595235825,0.05655654892325401,0.05987132340669632,0.46211084723472595,0.056191012263298035,0.06512244790792465,0.2350848913192749,-0.05144547298550606,0.21417130529880524,0.1463392674922943,0.05437218025326729,0.4299248456954956,0.0802164301276207,-0.08029312640428543,0.05691051110625267,0.18827049434185028,,0.19320014119148254,0.06627235561609268,0.05437218025326729,0.05437218025326729,,0.013558503240346909,0.15074186027050018,0.07074885815382004,0.32819968461990356,0.056191012263298035,0.13420185446739197,0.46481725573539734,,,0.15113988518714905,,,0.7094607353210449,0.26260682940483093,,0.2653506398200989,,,-0.05706804245710373,0.05437218025326729,-0.053913626819849014,-0.06565292179584503,-0.11586139351129532,-0.04979287460446358,0.05987132340669632,,,,,,,,,,,,,,,,,,,,,,,,,,,,,,,,,,,,,,,,,,,,,,,,,,,,,,,,,,,,,,,,,,,,,,,,,,,,,,,,,,,,,,,,,,,,
2021-03-31,0.12335552275180817,0.3347946107387543,0.19689658284187317,0.09620463848114014,0.2741462290287018,0.1899993121623993,0.10926637053489685,0.08575742691755295,0.2496456503868103,0.32849517464637756,0.24073052406311035,0.16798795759677887,0.19689658284187317,0.13932766020298004,0.09620463848114014,0.36868274211883545,0.20704054832458496,0.27615445852279663,0.2584558427333832,0.2496456503868103,0.10409291833639145,0.1899993121623993,0.2975986897945404,,0.34913453459739685,0.18986530601978302,0.3800048530101776,0.3848067820072174,,0.26837417483329773,0.2668611705303192,0.12486952543258667,0.4315289258956909,0.3440685272216797,0.12097077071666718,0.4598250389099121,,,0.21827445924282074,,,0.27177610993385315,0.39368170499801636,,,,,,,0.10103984922170639,,0.07998845726251602,0.2898697555065155,0.34865161776542664,0.3740432560443878,0.22275103628635406,0.31073760986328125,0.4816897511482239,0.2271661013364792,0.27939245104789734,0.17112663388252258,0.34084275364875793,,,,,,,,,,,,,,,,,,,,,,,,,,,,,,,,,,,,,,,,,,,,,,,,,,,,,,,,,,,,,,,,,,,,,,,,,,,,,,,,,,,,
2021-04-30,0.13297346234321594,0.21074114739894867,0.24533231556415558,0.16058993339538574,0.1740783005952835,,0.18542157113552094,0.14134040474891663,0.341829389333725,0.46471014618873596,0.2688942849636078,0.05326387286186218,0.20476320385932922,0.15669351816177368,0.10122731328010559,0.29649221897125244,0.13720007240772247,0.1834808886051178,0.147527277469635,0.40200644731521606,0.06558148562908173,0.13643613457679749,0.21833093464374542,,0.39739513397216797,0.2767270803451538,0.3473542630672455,0.1607629358768463,,-0.02600988745689392,0.2923193573951721,0.17699429392814636,0.4712309241294861,0.3096257448196411,,0.30286070704460144,,,,,,0.29229235649108887,0.15371860563755035,,,,,,,,,,0.17227792739868164,0.3021089434623718,0.3060390055179596,0.2009388655424118,0.1970216929912567,0.28239479660987854,0.17157311737537384,0.2928222715854645,0.11067306995391846,0.30911216139793396,0.2555193603038788,0.1336970180273056,0.3297136127948761,0.19206465780735016,0.21563996374607086,,,,,,,,,,,,,,,,,,,,,,,,,,,,,,,,,,,,,,,,,,,,,,,,,,,,,,,,,,,,,,,,,,,,,,,,,,,,,,,
2021-05-31,0.2050025314092636,0.20657134056091309,0.17418800294399261,0.18783003091812134,0.16411307454109192,,0.07760761678218842,0.21866193413734436,0.043932076543569565,,0.05917123332619667,0.09076786786317825,0.14723798632621765,0.20226627588272095,0.04523664340376854,,0.20791058242321014,0.17454759776592255,0.0323810949921608,0.13587839901447296,-0.018003633245825768,0.17301373183727264,0.22960709035396576,,0.20038801431655884,0.21080969274044037,0.03561007231473923,,0.05959244817495346,0.1909603774547577,0.24168191850185394,0.14143963158130646,0.22419829666614532,0.22046838700771332,,0.047028232365846634,,,,,,0.045303020626306534,0.1233891025185585,,,,,,,,,,,0.18832184374332428,,,0.15071769058704376,,0.14170928299427032,0.32449084520339966,0.23427273333072662,0.24096108973026276,0.22208499908447266,0.1670592874288559,0.19576901197433472,0.21507729589939117,0.2169693261384964,0.1933448761701584,0.15020324289798737,0.026573339477181435,0.00031064474023878574,0.22960709035396576,,,,,,,,,,,,,,,,,,,,,,,,,,,,,,,,,,,,,,,,,,,,,,,,,,,,,,,,,,,,,,,,,,,,,,,,,,
2021-06-30,0.020556647330522537,-0.17066435515880585,0.01523312833160162,-0.05959085375070572,-0.0024122532922774553,-0.009675436653196812,-0.012070078402757645,-0.04583614319562912,0.0010307515040040016,,-0.01875966787338257,-0.12257598340511322,-0.007846051827073097,-0.011973092332482338,-0.0015373709611594677,,-0.051594510674476624,0.022296277806162834,0.009905233979225159,-0.03218446671962738,-0.026683686301112175,-0.05053911730647087,-0.012019763700664043,,-0.05656342953443527,-0.016336726024746895,0.021897904574871063,,-0.008923104964196682,-0.03748336806893349,-0.05053778737783432,0.03597887605428696,-0.057969775050878525,-0.03570861369371414,,-0.04958224296569824,,,,,,-0.18004360795021057,-0.06063738092780113,,,,,,,,,,,-0.03728054091334343,,,-0.07762652635574341,,-0.041032854467630386,0.036692723631858826,-0.03973495587706566,-0.0491076223552227,,-0.040447767823934555,0.14002671837806702,-0.013897942379117012,,-0.026057850569486618,0.026049580425024033,-0.028228318318724632,4.827116572414525e-05,-0.006205245852470398,-0.008994773030281067,,,,,,,,,,,,,,,,,,,,,,,,,,,,,,,,,,,,,,,,,,,,,,,,,,,,,,,,,,,,,,,,,,,,,,,,,
2021-07-31,0.12995019555091858,0.08265040069818497,0.12241586297750473,0.04613528400659561,0.12970572710037231,0.14120906591415405,0.0922011286020279,0.1595708429813385,0.11676488071680069,,0.09626653045415878,0.13152803480625153,0.0950082316994667,0.039089739322662354,0.04378741979598999,,0.1416836977005005,0.1469804048538208,0.11031433194875717,0.05481583625078201,0.062431756407022476,0.1377301663160324,0.1342414766550064,,0.07544048130512238,,0.04164264723658562,0.05790494382381439,,0.14056380093097687,0.08428015559911728,0.11524626612663269,0.12247462570667267,0.13695044815540314,,,,,,,,0.1416836977005005,0.12355551868677139,,,,,,,,,,,0.1335228532552719,,,0.13750243186950684,,0.08393184840679169,-0.011129483580589294,0.15024903416633606,0.11768915504217148,,0.13878968358039856,0.11200613528490067,0.11901184171438217,,-0.09604585915803909,,0.1595708429813385,0.13235267996788025,0.10672453045845032,0.08678777515888214,0.10855361819267273,0.10855361819267273,,,,,,,,,,,,,,,,,,,,,,,,,,,,,,,,,,,,,,,,,,,,,,,,,,,,,,,,,,,,,,,,,,,,,,,
2021-08-31,0.1416105479001999,0.10373972356319427,0.12782490253448486,0.13347898423671722,0.15687550604343414,0.12161958962678909,0.13847525417804718,0.14590586721897125,0.15402217209339142,,0.16464383900165558,0.16464383900165558,0.14590586721897125,0.0921967551112175,0.10756917297840118,,0.11490356922149658,0.13024552166461945,0.146511971950531,0.07285173237323761,0.13609741628170013,0.13417993485927582,,,0.18148115277290344,,,0.1668459177017212,,0.10163719207048416,0.1359304040670395,0.1652536243200302,0.113538458943367,,,,,,,,,0.14022572338581085,0.07533184438943863,0.14590586721897125,,,,,,,,,,0.10569098591804504,0.13685794174671173,,0.12133084982633591,,0.12724381685256958,0.10041805356740952,0.13142868876457214,0.14226655662059784,0.17432162165641785,0.1481625735759735,0.22329215705394745,0.09380868077278137,0.13886293768882751,0.10597173869609833,,,0.10875743627548218,0.1416105479001999,0.15789712965488434,0.09679186344146729,0.156891331076622,0.1617754101753235,-0.06491094082593918,,,,,,,,,,,,,,,,,,,,,,,,,,,,,,,,,,,,,,,,,,,,,,,,,,,,,,,,,,,,,,,,,,,,,
2021-09-30,-0.07126734405755997,-0.09888666868209839,-0.13970229029655457,,-0.035459209233522415,,-0.06130870431661606,-0.12455588579177856,-0.07115594297647476,,-0.10933070629835129,-0.06130870431661606,-0.08376806229352951,-0.0891823023557663,0.015651416033506393,,0.022606126964092255,-0.06084839254617691,-0.12010626494884491,-0.11004462093114853,-0.08043958246707916,-0.09405141323804855,,,-0.08415614068508148,-0.07712874561548233,,-0.0724567323923111,,0.0265935231000185,-0.032066646963357925,-0.0532492995262146,-0.08657900243997574,,,,,,,,,-0.0600796639919281,-0.15340764820575714,-0.06622916460037231,,,,,,,,,,-0.10652093589305878,-0.13495154678821564,,-0.1495463103055954,,-0.1355692595243454,0.04531289264559746,-0.09864980727434158,-0.10118599981069565,-0.13954006135463715,0.014130140654742718,-0.03674699366092682,0.01555629726499319,-0.06634161621332169,-0.21281489729881287,-0.23447638750076294,,-0.13096453249454498,-0.01436019316315651,,-0.07322174310684204,-0.1206253319978714,-0.13351067900657654,0.039687495678663254,-0.25455304980278015,,,,,,,,,,,,,,,,,,,,,,,,,,,,,,,,,,,,,,,,,,,,,,,,,,,,,,,,,,,,,,,,,,,,
2021-10-31,0.10647734254598618,0.06016756594181061,0.10546450316905975,,0.06384018063545227,,0.09510914981365204,0.09609471261501312,0.0842602476477623,0.10012487322092056,0.13914261758327484,0.09861315786838531,0.10992293059825897,,0.07502049952745438,,0.1237785816192627,0.11507666856050491,0.08226818591356277,0.09679137170314789,0.039592381566762924,0.04014533385634422,,,0.06727342307567596,0.11115060746669769,0.12382937222719193,0.104088194668293,,0.07982803881168365,0.13007548451423645,0.09179122745990753,0.153328999876976,,,0.10140169411897659,,,,,,0.08805745840072632,0.11291491240262985,0.068100206553936,,,,,,,,,,0.12396861612796783,0.05942828953266144,,0.036724645644426346,,0.1296585351228714,0.1269962042570114,0.04566066339612007,0.023821992799639702,-0.003976213280111551,0.09679137170314789,0.10877695679664612,0.06906171143054962,0.08320560306310654,0.014127226546406746,0.11276290565729141,,0.11179596930742264,0.09091199934482574,,0.05390884354710579,0.01914893090724945,,0.12441928684711456,0.062020108103752136,,,,,,,,,,,,,,,,,,,,,,,,,,,,,,,,,,,,,,,,,,,,,,,,,,,,,,,,,,,,,,,,,,,,
2021-11-30,0.06700111925601959,0.061472054570913315,,,0.0037056091241538525,,0.08160221576690674,0.016024312004446983,0.07517872005701065,0.06408998370170593,0.03016178496181965,0.07920030504465103,0.08305364847183228,,0.063020721077919,,0.03376759961247444,0.0760018602013588,0.04924049973487854,0.027267301455140114,0.05571688339114189,0.03761425241827965,,,0.09096196293830872,0.025435883551836014,0.058542605489492416,0.0762726366519928,,-0.0006426608888432384,0.06736645102500916,0.07723850011825562,0.08130714297294617,,,-0.009161246940493584,,,,,,0.03844241052865982,-0.10734342783689499,0.019889112561941147,,,,,,,,,,0.08884016424417496,0.11826518923044205,,0.005858269985765219,,0.11298166215419769,0.11845730245113373,0.032559119164943695,0.02840539440512657,0.061053723096847534,0.027267301455140114,0.006035708822309971,0.019625207409262657,-0.006314507685601711,-0.014379410073161125,,,0.007773781195282936,0.12148971110582352,,0.10325140506029129,0.014870401471853256,,0.04616495221853256,-0.044062741100788116,,,,,,,,,,,,,,,,,,,,,,,,,,,,,,,,,,,,,,,,,,,,,,,,,,,,,,,,,,,,,,,,,,,,
2021-12-31,0.025928614661097527,0.009035018272697926,,,0.0444992333650589,,0.036518048495054245,0.036639999598264694,0.0041026771068573,,0.008559295907616615,0.043964408338069916,0.03897374868392944,,0.030008329078555107,0.003066286677494645,0.05279463157057762,0.03557944670319557,0.05504749342799187,0.018829524517059326,0.00013484271767083555,0.004637290257960558,,,0.02661728672683239,0.02035186067223549,,,,0.10282009094953537,0.05543683096766472,0.044481102377176285,0.03776748850941658,,,0.008282127790153027,,,,,,0.03592998534440994,0.0408724881708622,0.0444992333650589,,,,0.00767894834280014,,,,,,0.0438394732773304,0.08509452641010284,,0.02518613636493683,,0.03452901169657707,-0.030355533584952354,0.05908206105232239,-0.001883283257484436,0.06305157393217087,0.0451277494430542,0.02896774932742119,-0.0019883569329977036,0.01081431470811367,0.05343792214989662,,,-0.010530304163694382,0.059826068580150604,,0.04039609432220459,,,0.01869790442287922,0.004926795139908791,0.12758690118789673,0.02586725912988186,-0.027150874957442284,,,,,,,,,,,,,,,,,,,,,,,,,,,,,,,,,,,,,,,,,,,,,,,,,,,,,,,,,,,,,,,,,
2022-01-31,0.047137632966041565,-0.0008805319666862488,,,0.02061280980706215,,0.020814819261431694,-0.01613808237016201,0.04748532921075821,,0.03109384886920452,0.048876456916332245,0.04715705290436745,,0.029249822720885277,0.05441247299313545,-0.08666954189538956,0.012838233262300491,0.005215371493250132,0.04333508387207985,0.046915315091609955,0.083725705742836,,,-0.0038147829473018646,-0.021368276327848434,,,,0.03394622355699539,0.01085442304611206,0.022534221410751343,0.07830041646957397,,,-0.0220403503626585,,,,,,0.029831254854798317,-0.0689045712351799,0.02047017775475979,,,,0.05611691251397133,,,,,,0.051522839814424515,0.0008253402775153518,,0.02339782752096653,,0.02817140705883503,-0.07802395522594452,0.02175358682870865,-0.004822016693651676,0.021551214158535004,0.011379214935004711,,0.01613857038319111,0.13643409311771393,0.11414586752653122,,,-0.018668556585907936,0.1350954920053482,-0.04844546690583229,0.08356194943189621,,,0.10653887689113617,-0.10323303192853928,0.008771253749728203,0.039737481623888016,0.19417895376682281,-0.03943458944559097,-0.20341193675994873,,,,,,,,,,,,,,,,,,,,,,,,,,,,,,,,,,,,,,,,,,,,,,,,,,,,,,,,,,,,,,,
2022-02-28,0.002146350219845772,0.01604919321835041,,,-0.024789704009890556,,0.005056935362517834,-0.03486627712845802,-0.006650925613939762,,,0.015700120478868484,0.020518707111477852,,0.00768504710868001,,0.017154214903712273,0.01521348301321268,-0.030346056446433067,-0.012319160625338554,0.008066493086516857,0.009484691545367241,,,-0.005547712091356516,0.0051718465983867645,,0.0022509850095957518,,-0.026640383526682854,0.01604919321835041,0.01736973226070404,0.008420719765126705,,,-0.04455157741904259,,,,,,0.0007019379991106689,-0.016866222023963928,0.00923915021121502,,,,0.10906784236431122,,,,,,0.006471750792115927,-0.005800583865493536,,-0.025171499699354172,,0.04682745411992073,0.02773791365325451,0.00029102619737386703,0.04501601308584213,-0.0022064014337956905,-0.03166883811354637,,0.009385436773300171,-0.0006027418421581388,-0.03235679492354393,,,-0.03166883811354637,0.01854914426803589,0.0019495479064062238,-0.009745494462549686,,,0.019817199558019638,-0.015489236451685429,0.007369539234787226,-0.02727493643760681,0.01735459454357624,0.0010689113987609744,-0.0552835613489151,,,,,,,,,,,,,,,,,,,,,,,,,,,,,,,,,,,,,,,,,,,,,,,,,,,,,,,,,,,,,,,
2022-03-31,0.08169365674257278,0.08119074255228043,,,-0.008041506633162498,0.05491728335618973,0.053115326911211014,0.08238468319177628,0.11525049805641174,,,-0.07503825426101685,0.0085734399035573,,0.09021086990833282,,0.06867948919534683,0.09185090661048889,0.010445116087794304,0.08119074255228043,0.08048758655786514,0.030921902507543564,,,0.07977443933486938,0.09185090661048889,,0.004786549136042595,,0.010445116087794304,0.07433225214481354,0.06126139685511589,0.023887239396572113,,,0.08353421837091446,,,,,,0.09185090661048889,0.09276525676250458,0.09185090661048889,,,,0.024114049971103668,,,,,,,0.07832814007997513,,0.05241373926401138,,0.028012648224830627,0.12761306762695312,0.06940531730651855,0.06679371744394302,0.06892343610525131,0.09185090661048889,,0.09185090661048889,0.007612958550453186,0.12697695195674896,,,-0.02424244023859501,0.024571947753429413,,0.0017594979144632816,,,0.0022857391741126776,0.006078388541936874,0.09987600892782211,0.10134483873844147,0.07706443220376968,,0.09021086990833282,,,,,,,,,,,,,,,,,,,,,,,,,,,,,,,,,,,,,,,,,,,,,,,,,,,,,,,,,,,,,,,
2022-04-30,0.0016637672670185566,-0.0371517650783062,,-0.03680787235498428,-0.05338934808969498,-0.048589181154966354,,-0.021791236475110054,-0.011573391035199165,,,-0.05323058366775513,0.0001408638636348769,,0.0067413924261927605,,-0.04319975897669792,-0.0010958162602037191,-0.01689346879720688,-0.0371517650783062,0.0016637672670185566,-0.005400816909968853,,,-0.02134917490184307,,,0.00547233410179615,,-0.019917069002985954,-0.03820101171731949,-0.000864516303408891,-0.005399517714977264,-0.06700393557548523,,-0.06409206241369247,,,,,,0.006680998019874096,-0.0351981595158577,,,,,-0.03191814199090004,,,,,,,-0.03226166591048241,,-0.012493288144469261,,-0.04534170404076576,-0.0030901487916707993,-0.016340471804142,-0.020262712612748146,-0.053078580647706985,-0.031851042062044144,,-0.03555706515908241,7.741236186120659e-05,-0.02892412431538105,,,-0.027072861790657043,-0.021791236475110054,,-0.0018638353794813156,,,-0.07026629894971848,-0.06276101619005203,-0.0025232676416635513,-0.031851042062044144,,,,-0.0320778489112854,-0.019124656915664673,,,,,,,,,,,,,,,,,,,,,,,,,,,,,,,,,,,,,,,,,,,,,,,,,,,,,,,,,,,,,
2022-05-31,0.02412659488618374,0.09909894317388535,,-0.1421310156583786,0.058548953384160995,0.1762407422065735,,0.05935746803879738,-0.07311160862445831,,,0.02421620674431324,0.019078854471445084,,-0.0006164515507407486,,0.1295682042837143,0.05238756909966469,0.053689345717430115,0.05686570703983307,0.0003622795920819044,0.056576311588287354,,,,,,-0.05928120017051697,,,0.1064092144370079,0.025059500709176064,0.04482254758477211,0.027263792231678963,,0.03315509483218193,,,,,,-0.0012628233525902033,-0.020344432443380356,,,,,-0.04453897848725319,,,,,,,0.06658267974853516,,0.029632359743118286,,-0.054909951984882355,,0.03388548642396927,0.010428473353385925,-0.15152905881404877,0.05488906428217888,,0.019229447469115257,0.04485483095049858,0.0481228269636631,,,-0.010974128730595112,0.12646345794200897,,-0.025033775717020035,,,0.17965266108512878,0.06480740755796432,-0.04323114827275276,-0.022546274587512016,,,,-0.08644052594900131,-0.006188773084431887,-0.13682234287261963,,,,,,,,,,,,,,,,,,,,,,,,,,,,,,,,,,,,,,,,,,,,,,,,,,,,,,,,,,,,
2022-06-30,-0.0062857866287231445,-0.027478110045194626,,-0.016760416328907013,0.03509102761745453,-0.08951322734355927,,0.0016726140165701509,-0.1738298386335373,,,-0.0023729982785880566,0.015302445739507675,,-0.053254034370183945,,0.10140018910169601,0.03151169791817665,-0.009223024360835552,0.006770127918571234,0.007458428852260113,0.01613079570233822,,,,-0.026345059275627136,,0.011797347106039524,,,0.03992364928126335,0.09430993348360062,0.01789253018796444,0.014746768400073051,,0.1432119607925415,,,,,,0.007597317453473806,0.18583938479423523,-0.05806967616081238,,,,0.013705550692975521,,,,,,,0.021601038053631783,,0.1262977123260498,,0.07255784422159195,,0.05103540048003197,0.11085060238838196,0.028023554012179375,-0.10702890157699585,,0.19651977717876434,0.0499451607465744,0.1074841171503067,,,0.028809992596507072,0.13844361901283264,,0.17230001091957092,,,0.023335525766015053,0.1916845440864563,-0.054958295077085495,0.10518497973680496,,,,,0.12589140236377716,,0.12807200849056244,-0.05647389218211174,,,,,,,,,,,,,,,,,,,,,,,,,,,,,,,,,,,,,,,,,,,,,,,,,,,,,,,,,,
2022-07-31,0.01978876255452633,-0.0322539322078228,,-0.016356131061911583,0.03576041758060455,0.0722162052989006,,0.010530440136790276,0.03763536736369133,,,0.006189912091940641,-0.023707784712314606,,0.03429354354739189,,0.03348702937364578,0.017198367044329643,0.04364573583006859,0.04013640433549881,-0.029564857482910156,,,,,0.03606218099594116,,,,,0.0649830773472786,-0.01570797897875309,0.03104758821427822,0.03385399281978607,,0.04624577611684799,,,,,,0.02463258057832718,-0.05622636154294014,0.06172763928771019,,,,,,,,-0.053503602743148804,,,0.03495410084724426,,0.04946242272853851,,-0.027164863422513008,,0.03314785286784172,-0.03898780420422554,0.04657021537423134,-0.05224020034074783,,-0.014824677258729935,0.0320742130279541,0.006960079539567232,,,-0.029790932312607765,0.034221529960632324,,0.027395978569984436,,,-0.005544135347008705,-0.015885015949606895,0.04327316954731941,0.0809386819601059,,,,,0.07896736264228821,,0.036501649767160416,-0.03456258028745651,0.020173607394099236,-0.04055628180503845,,,,,,,,,,,,,,,,,,,,,,,,,,,,,,,,,,,,,,,,,,,,,,,,,,,,,,,,
2022-08-31,-0.08976417034864426,-0.10489916056394577,,-0.07738564908504486,-0.14700619876384735,-0.20460385084152222,,-0.15329457819461823,-0.09299327433109283,,,-0.11337467283010483,-0.11916419118642807,,-0.1350904256105423,,-0.13236850500106812,-0.16539040207862854,-0.13113392889499664,-0.10902780294418335,-0.11797663569450378,,,,,,,,,,-0.16006815433502197,-0.15908533334732056,-0.1124005988240242,-0.16863296926021576,,-0.1636205017566681,,,,,,-0.10263866186141968,-0.17694050073623657,-0.10325069725513458,,,,,,,,-0.11480571329593658,,,-0.1640636920928955,,-0.17721793055534363,,-0.16783271729946136,,-0.16247087717056274,-0.12092947214841843,-0.16212216019630432,-0.12026835232973099,,-0.1653614640235901,-0.16975684463977814,-0.16783271729946136,,,-0.1173986941576004,-0.13734965026378632,,-0.15621647238731384,,,-0.17560523748397827,-0.14650054275989532,-0.07942651957273483,-0.15142026543617249,,,,,-0.15848194062709808,,,-0.12305613607168198,-0.16660992801189423,-0.15848194062709808,-0.1482827365398407,-0.08682706952095032,,,,,,,,,,,,,,,,,,,,,,,,,,,,,,,,,,,,,,,,,,,,,,,,,,,,,,
2022-09-30,-0.0676378533244133,-0.07173844426870346,,-0.03570742532610893,-0.05130695551633835,-0.03618956729769707,,-0.04066167771816254,-0.02471279725432396,,,-0.15309607982635498,-0.16531752049922943,,-0.04167575389146805,,-0.0903659388422966,-0.11131936311721802,-0.07162422686815262,-0.12494490295648575,-0.10813060402870178,,,,,,,,,,-0.05045031011104584,-0.0555206835269928,-0.10612756013870239,-0.057952702045440674,,-0.039031732827425,,,,,,-0.06091831624507904,-0.015585053712129593,-0.04837979003787041,,,,,,,,-0.04792957752943039,,,0.006484772078692913,,-0.04932321235537529,,,,-0.06574782729148865,-0.09650716185569763,-0.05758931115269661,-0.0326850451529026,,-0.0648404136300087,-0.05050327628850937,0.03587298095226288,,,-0.05224066600203514,-0.04378342255949974,,-0.05312971770763397,,,-0.059772852808237076,-0.12101004272699356,-0.055851735174655914,-0.0676378533244133,,,,,0.041403498500585556,,,-0.025402680039405823,-0.03633807599544525,,-0.0647771805524826,-0.0370170883834362,-0.05847197398543358,,,,,,,,,,,,,,,,,,,,,,,,,,,,,,,,,,,,,,,,,,,,,,,,,,,,,
2022-10-31,-0.027076587080955505,-0.04783846065402031,,0.029139531776309013,-0.008813535794615746,-0.00744137167930603,0.0010674819350242615,0.010822320356965065,0.0032848722767084837,,,0.007937741465866566,0.018688960000872612,,-0.021126609295606613,,0.04469533637166023,0.013822691515088081,0.03935864567756653,0.006886189337819815,-0.02591720223426819,,,,,,,,,,-0.021116910502314568,0.019761113449931145,-0.018073979765176773,0.01882774755358696,,,,,,,,-0.05118747428059578,0.01564793847501278,-0.015464207157492638,,,,,,,,-0.03301598131656647,,,0.021743599325418472,,0.047649726271629333,,,,-0.0012059368891641498,-0.03588315472006798,0.012978353537619114,-0.00968465581536293,,-0.010974293574690819,-0.03135642036795616,0.01753409393131733,,,-0.0531814768910408,0.015835337340831757,,,,,-0.08543293178081512,-0.020644376054406166,-0.031558286398649216,-0.004808064550161362,,,,,-0.03700874745845795,,,0.031128089874982834,0.010833446867763996,,-0.10984461009502411,-0.006174911744892597,-0.03491462394595146,0.04357157275080681,0.024592602625489235,0.010830987244844437,,,,,,,,,,,,,,,,,,,,,,,,,,,,,,,,,,,,,,,,,,,,,,,,,,
2022-11-30,-0.10243584960699081,-0.148600235581398,,-0.09011387079954147,-0.12718911468982697,-0.05069449916481972,-0.13101714849472046,-0.14521290361881256,-0.11051136255264282,,,-0.08960642665624619,-0.12793876230716705,,-0.13837642967700958,,-0.10428009927272797,-0.10969807952642441,-0.09660793840885162,-0.1133522167801857,-0.1335545778274536,,,,,,,,,,,-0.08403461426496506,-0.13115382194519043,-0.10750322043895721,,,,,,,,-0.10263717919588089,-0.15140943229198456,,,,,,,,,-0.1086413711309433,,,-0.09975089877843857,,-0.10624536126852036,,-0.1447449028491974,,-0.1503177285194397,-0.13557973504066467,-0.04416482895612717,-0.13704103231430054,,-0.10595247149467468,-0.1377536952495575,-0.13899672031402588,,,-0.12333541363477707,-0.1520211100578308,,,,,-0.07998037338256836,0.027438536286354065,-0.1330656111240387,-0.06251020729541779,,,,,-0.15683987736701965,,,-0.15990835428237915,,,,,-0.18306492269039154,,-0.12302833050489426,-0.09732802212238312,-0.0742047056555748,-0.09017875790596008,-0.16003850102424622,,,,,,,,,,,,,,,,,,,,,,,,,,,,,,,,,,,,,,,,,,,,,,,
2022-12-31,-0.07631061971187592,-0.10897567868232727,,-0.07439680397510529,-0.12151660770177841,0.0259352158755064,,-0.1291474550962448,-0.08235207200050354,,,-0.04252573847770691,-0.08005121350288391,,-0.0784713476896286,,-0.06162336841225624,0.003392978571355343,-0.03259368613362312,-0.08140105754137039,-0.06374496966600418,,,,,,,,,,,-0.08904896676540375,-0.0497845783829689,,,,,,,,,-0.15057562291622162,-0.11239005625247955,,,,,,,,,-0.05596970021724701,,,-0.040495727211236954,,0.13326998054981232,,0.0016485482919961214,,-0.09572393447160721,0.007524129934608936,0.03257989510893822,-0.1027764156460762,,-0.058332450687885284,-0.1185038685798645,-0.10169590264558792,,,-0.0429203063249588,-0.036063577979803085,,-0.050578951835632324,,,-0.12059781700372696,0.0742294192314148,-0.08219727873802185,-0.055637963116168976,,,,,-0.09848587960004807,,,-0.035772211849689484,,,,,-0.04099391773343086,,0.06345118582248688,-0.06652824580669403,-0.11815071105957031,-0.07897752523422241,-0.04001324996352196,-0.1153843104839325,-0.125013530254364,,,,,,,,,,,,,,,,,,,,,,,,,,,,,,,,,,,,,,,,,,,,,
2023-01-31,0.02771782875061035,0.01543339528143406,,-0.03223767504096031,,-0.012128005735576153,,0.010645058937370777,-0.018061669543385506,0.14539538323879242,,7.120687223505229e-05,0.022017741575837135,,-0.04709632694721222,,0.03312299773097038,0.008056189864873886,0.03312299773097038,-0.05973073095083237,0.01624368131160736,,,,,,,-0.005329242441803217,,,,0.020152239128947258,-0.02057504840195179,,,,,,,,,-0.04902013763785362,0.05913577228784561,,,,,,,,,0.011228679679334164,,,-0.013931452296674252,0.07714685052633286,0.07632968574762344,,0.009148451499640942,,-0.026940330862998962,0.034582920372486115,-0.022376375272870064,0.033491894602775574,,-8.725421503186226e-05,-0.05973073095083237,0.05802680552005768,,,-0.007390875369310379,-0.013523440808057785,,-0.014197045005857944,,,-0.009001264348626137,0.0040807416662573814,-0.05040270835161209,-0.006438735872507095,,,,,0.02110256254673004,,,0.059275779873132706,,,,,-7.354223635047674e-05,,,0.01419814396649599,-0.02757413499057293,-0.005475320387631655,,0.14143690466880798,0.022031452506780624,0.16792629659175873,,,,,,,,,,,,,,,,,,,,,,,,,,,,,,,,,,,,,,,,,,,,
2023-02-28,0.02244393154978752,-0.020413896068930626,,-0.022037263959646225,,-0.010818354785442352,,-0.0009442441514693201,0.003726583207026124,0.058974739164114,,-0.006386765278875828,-0.021570058539509773,,0.008818420581519604,,-0.013702338561415672,-0.031191948801279068,-0.006386765278875828,-0.020559728145599365,0.015481801703572273,,,,,,,-0.03530393913388252,,,,-7.827216177247465e-05,-0.00017267424846068025,-0.03981280326843262,,,,,,,,-0.01885765790939331,-0.055787794291973114,,,,,-0.013134939596056938,,,,,,,-0.021220525726675987,-0.014179175719618797,-0.019266800954937935,,-0.017500227317214012,,-0.0213919710367918,-0.024436308071017265,-0.009154094383120537,-0.006386765278875828,,-0.03158111125230789,,-0.014161016792058945,,,-0.01593944989144802,-0.04785490781068802,,0.024874085560441017,,,-0.017500227317214012,-0.014367921277880669,0.003200312377884984,-0.05118010938167572,,,,,0.09087206423282623,,,-0.006206932477653027,,,,,0.12598489224910736,,,-0.007688883226364851,,-0.026305338367819786,,0.19176656007766724,,-0.04136192053556442,0.03755262494087219,-0.07239865511655807,0.08651010692119598,,,,,,,,,,,,,,,,,,,,,,,,,,,,,,,,,,,,,,,,,
2023-03-31,-0.05015089362859726,0.006287191994488239,-0.056494444608688354,-0.040217235684394836,-0.002235452411696315,-0.015232027508318424,,-0.028459740802645683,0.00014608868514187634,-0.017940880730748177,,-0.044297944754362106,-0.011532028205692768,,-0.018226023763418198,,-0.005118461325764656,-0.038839422166347504,-0.041014984250068665,-0.048992592841386795,-0.026664145290851593,,,,,,,,,,,,-0.023609429597854614,-0.04445001110434532,,,,,,,,-0.007341804448515177,-0.06531792879104614,,-0.03306795656681061,,,-0.05593457818031311,,,,,,,-0.05038653314113617,-0.01703355461359024,-0.05065750703215599,,,,-0.029828058555722237,-0.01058421190828085,-0.03544917330145836,-0.018788520246744156,,-0.04674002528190613,,,,,,0.008036201819777489,,-0.05523112788796425,,,0.013434309512376785,-0.020891303196549416,-0.014057127758860588,-0.015232027508318424,0.07211483269929886,,,,-0.05853189900517464,,,,,,,,-0.05965911224484444,,,0.005929508712142706,,-0.04186335951089859,,-0.025902938097715378,,,0.03588639199733734,-0.05398591235280037,0.0010456889867782593,0.013568506576120853,0.0023505324497818947,-0.06752561032772064,-0.060793016105890274,,,,,,,,,,,,,,,,,,,,,,,,,,,,,,,,,,,,,
2023-04-30,-0.018673114478588104,-0.03779156133532524,-0.03813989460468292,-0.0373225100338459,-0.023871300742030144,,,-0.04291433468461037,-0.02763872779905796,-0.017379658296704292,,-0.045046962797641754,-0.04777608811855316,,-0.008955731987953186,,-0.027415957301855087,-0.011970973573625088,-0.012556134723126888,0.01534726470708847,-0.013031354174017906,,,,,,,,,,,,-0.023395342752337456,-0.09096483141183853,,,,,,,,-0.021836336702108383,-0.036639172583818436,,-0.03783179819583893,,,-0.03092978708446026,,,,-0.03673146665096283,,-0.03616867586970329,-0.03231384977698326,,-0.004054119344800711,,,,-0.03325547277927399,-0.03756221756339073,-0.03552126884460449,,,-0.026133889332413673,,,,,,-0.02288188971579075,,-0.057493943721055984,,,-0.03617730736732483,-0.038323063403367996,-0.03838520124554634,-0.019915267825126648,-0.03719501197338104,,,,-0.03167726472020149,,,,,,0.02903054468333721,,-0.04520053789019585,,,-0.019985362887382507,,0.010850353166460991,,-0.0011109290644526482,,,-0.04220008850097656,-0.06769060343503952,-0.07008487731218338,0.1112273633480072,-0.08647223562002182,-0.01362132839858532,-0.033820901066064835,-0.061493728309869766,,,,,,,,,,,,,,,,,,,,,,,,,,,,,,,,,,,,
2023-05-31,-0.04310554638504982,-0.03736962378025055,-0.05392618849873543,-0.01537408959120512,,,,-0.027339519932866096,-0.032543640583753586,0.02131549082696438,,-0.03281949833035469,-0.02300279773771763,,-0.01537408959120512,,-0.032083895057439804,-0.06281863898038864,-0.02952558547258377,-0.03422261402010918,-0.02539248764514923,,,,,,,,,,,,-0.052712611854076385,-0.04048359766602516,,,,,,,,-0.024381088092923164,-0.039244502782821655,,0.01594775915145874,,,-0.03842000663280487,,,,-0.05193366855382919,,0.0042685032822191715,-0.05055161193013191,,-0.0029841046780347824,,,,-0.04388197511434555,-0.043845001608133316,-0.04022805020213127,,,-0.04628078266978264,,,,,,-0.04750211536884308,,-0.051302384585142136,,,-0.04759367182850838,-0.04048359766602516,-0.04304364696145058,-0.026882926002144814,-0.049480803310871124,,,,-0.03918420523405075,,,,,,0.0899251252412796,,-0.040804263204336166,,,-0.05822553485631943,,-0.03514065220952034,,-0.0289781354367733,,,-0.05798103287816048,-0.05106833577156067,,-0.054158810526132584,,,-0.013810552656650543,-0.053998176008462906,0.021569380536675453,,,,,,,,,,,,,,,,,,,,,,,,,,,,,,,,,,,
2023-06-30,-0.09229360520839691,-0.01595580205321312,-0.08546803891658783,-0.03681756556034088,,-0.05884000286459923,,-0.07574500143527985,-0.037289079278707504,-0.01734805665910244,,-0.09197815507650375,-0.03502606973052025,,-0.04419271647930145,,-0.07574500143527985,,-0.041796762496232986,-0.04974925518035889,-0.059417206794023514,,,,,,,-0.022038480266928673,,,,,0.036783091723918915,,,,,,-0.04787416383624077,,,-0.09020332992076874,-0.03221241384744644,,-0.1099587008357048,,-0.09550990909337997,,,,,-0.07441756874322891,,0.006227200385183096,-0.07354994863271713,,-0.08195488154888153,,,,-0.07574500143527985,-0.03228491544723511,-0.03150950372219086,,,-0.051590751856565475,,,,,,-0.039623819291591644,,-0.06584928929805756,,,-0.03228491544723511,-0.029351118952035904,-0.05519922822713852,-0.06925276666879654,,,,,-0.04817407205700874,,,,,,,,-0.08050499111413956,,,0.02708037570118904,,-0.088685542345047,,0.009945007972419262,,,-0.09904638677835464,-0.10459356755018234,,,,,,-0.08431319892406464,-0.08275579661130905,0.02029995061457157,,,,,,,,,,,,,,,,,,,,,,,,,,,,,,,,,,
2023-07-31,0.00011875574273290113,-0.059097882360219955,,-0.014004677534103394,,-0.012284821830689907,,-0.0671486109495163,-0.03685447573661804,-0.05437101051211357,,-0.02622367814183235,-0.05934063345193863,,-0.016402967274188995,,-0.052303340286016464,,-0.07384175062179565,-0.0980570986866951,-0.023979658260941505,,,,,,,-0.052234236150979996,,,,-0.011642670258879662,-0.04513002932071686,,,,,,-0.0327855721116066,,,-0.02143382839858532,-0.03225303813815117,,-0.04376029968261719,,-0.022978950291872025,,,-0.06097879260778427,,-0.06144469976425171,,-0.05597967654466629,-0.06037825718522072,,-0.048557691276073456,,,,-0.04754452407360077,-0.05471735820174217,-0.054099708795547485,-0.030396686866879463,,-0.0505133792757988,,,,,-6.580154877156019e-05,-0.05488881096243858,,-0.05806247144937515,,,-0.06172814220190048,-0.05521118640899658,-0.04230441898107529,,,,,,-0.057753998786211014,,,,,,,,-0.00973484106361866,,,0.029284868389368057,,-0.05984988808631897,,-0.0406855009496212,,,-0.0516509935259819,0.0018235458992421627,,,,,,-0.011451462283730507,,-0.027128268033266068,,,,,,,,,,,,,,,,,,,,,,,,,,,,,,,,,,
2023-08-31,-0.0891137346625328,-0.058179110288619995,,-0.057818666100502014,,-0.07510951161384583,-0.018152860924601555,-0.08592714369297028,-0.031232044100761414,-0.05430477112531662,,-0.06244408339262009,-0.06792750209569931,,-0.057818666100502014,,-0.0670299157500267,,-0.06106411665678024,-0.04681886360049248,-0.06327475607395172,,,,,,-0.06306072324514389,-0.05047116056084633,,,,-0.058178022503852844,,,,,,,-0.06605739146471024,,,-0.05553712695837021,0.004160793498158455,,0.0035386751405894756,,,,,-0.06777673214673996,,-0.09921784698963165,,,-0.1011003702878952,,-0.03091293014585972,-0.05540704354643822,,,-0.05462917685508728,-0.047150082886219025,,-0.09521466493606567,,-0.0723302811384201,,,,,-0.06559345871210098,-0.0723302811384201,,-0.07205525040626526,,,,-0.06393114477396011,-0.03340713679790497,,,,,,-0.04045182093977928,,,,,,,,-0.06927729398012161,,,0.0017193533712998033,,-0.09284505993127823,,-0.04493807256221771,,,-0.0658530667424202,-0.005137250293046236,,,,,,-0.06877773255109787,,,-0.02411828748881817,,,,,,,,,,,,,,,,,,,,,,,,,,,,,,,,,
2023-09-30,-0.028426779434084892,-0.04869088903069496,,-0.05686183646321297,,,-0.047555744647979736,-0.036219868808984756,-0.04634488373994827,-0.055802106857299805,,-0.04813040420413017,-0.06734952330589294,,-0.0635400265455246,,-0.05514514446258545,,-0.06009930744767189,-0.03658217936754227,-0.04525338113307953,,,,,,-0.06076357886195183,,,,,-0.02639034017920494,,,,,,,-0.049665190279483795,,,-0.06688031554222107,-0.06688031554222107,,-0.05677315220236778,,,,,-0.007408575154840946,,-0.0270624328404665,,,-0.03770761936903,,-0.048655152320861816,-0.08645229786634445,,,-0.06009930744767189,0.0026409062556922436,,-0.052778929471969604,,-0.03401131182909012,,-0.04268687963485718,,,-0.05669069290161133,-0.03955216333270073,,,,,,-0.06801547110080719,-0.06953111290931702,,,,,-0.03769522160291672,-0.05673763528466225,,,,-0.07706081122159958,,,,-0.06175177916884422,,,0.04845773056149483,,-0.0492699034512043,,-0.05656157806515694,,,-0.035946667194366455,-0.06607356667518616,,,,,,-0.06280998140573502,,,-0.026809213683009148,-0.03328891471028328,-0.0913836658000946,-0.005123198498040438,,,,,,,,,,,,,,,,,,,,,,,,,,,,,,
2023-10-31,-0.021013548597693443,-0.020795321092009544,,0.02503363974392414,,,-0.027948318049311638,-0.04115133360028267,0.0047339582815766335,-0.04664642736315727,,-0.01598547026515007,0.000732036423869431,,-0.033943239599466324,,-0.017716841772198677,,-0.017161641269922256,-0.021013548597693443,-0.022806592285633087,,,,,,-0.029824024066329002,,,,,-0.006160076707601547,,,,,,,-0.03385210037231445,,,-0.028658796101808548,-0.02886142209172249,,-0.056698285043239594,,,,,-0.013828911818563938,,-0.029098859056830406,,,,,-0.03996230289340019,0.011550257913768291,,,-0.025077465921640396,-0.01608811505138874,,-0.05152235925197601,,-0.010057228617370129,,-0.03756341710686684,,,-0.03215436264872551,-0.018997596576809883,,,,,,-0.004158832132816315,-0.01430423092097044,,,,,0.0060494388453662395,-0.031155426055192947,,,,-0.049482326954603195,,,,-0.04793670028448105,,,-0.02617279253900051,,,,-0.029741358011960983,,,-0.025279927998781204,-0.02833086997270584,,,,,,-0.005441540852189064,,,-0.009537278674542904,-0.021093685179948807,0.10458357632160187,-0.0642676129937172,-0.20822587609291077,0.06455918401479721,-0.03753013536334038,-0.03460864722728729,0.13103508949279785,,,,,,,,,,,,,,,,,,,,,,,,,
2023-11-30,-0.010171237401664257,-0.011771606281399727,,0.012843627482652664,,,,-0.034143757075071335,0.011268907226622105,0.027065107598900795,,-0.0018798871897161007,0.0014269441599026322,,0.010764729231595993,,0.0017770386766642332,,-0.0038327269721776247,-0.01029511820524931,-0.006529796402901411,,,,,,,,,,,-0.02022390440106392,,,,,,,,,,0.0017770386766642332,-0.038313187658786774,,0.04284167289733887,,,,,,,-0.05101654306054115,,,,,0.02813500538468361,,,,-0.007003965321928263,,,-0.057110946625471115,,-0.04341915249824524,,-0.004481060896068811,,,0.003164697904139757,-0.01962357759475708,,0.013994880020618439,,,,-0.04263594374060631,0.0055721960961818695,,,,,0.0272549819201231,-0.06209957227110863,,,,-0.04714469239115715,,,,0.08618424087762833,,,0.02138570323586464,,,,-0.04447179660201073,,,-0.05525936186313629,-0.03791666030883789,,,,,,,,,-0.014336302876472473,-0.0019902025815099478,,-0.00897515844553709,-0.018727442249655724,-0.07547381520271301,-0.02545781619846821,-0.011624624021351337,0.07001912593841553,-0.04176647588610649,,,,,,,,,,,,,,,,,,,,,,,,
2023-12-31,-0.002257357584312558,0.062225233763456345,,,,,,0.002668574219569564,0.013632367365062237,0.0034546342212706804,,0.044638171792030334,,,0.013840130530297756,,0.014430253766477108,,0.0072175562381744385,0.008320894092321396,0.01882096379995346,,,,,,,,,,,0.0227073784917593,,,,,,,,,,0.0012422541622072458,-0.03662962466478348,,-0.020937833935022354,,,,,,,0.014992916025221348,,,0.00869735423475504,,0.02573375403881073,,,,-0.02240542508661747,,,0.03385321795940399,,0.004779561888426542,0.04873472824692726,-0.05655312165617943,,,0.03530126065015793,-0.00030108721693977714,,0.0130547434091568,,,-0.016468193382024765,0.006225475575774908,0.017247460782527924,,,,,-0.04954814910888672,0.027045710012316704,,,,-0.09663122892379761,,,,-0.06325847655534744,,,0.003707523224875331,,,,-0.03930148482322693,,,0.019774138927459717,-0.022695375606417656,,,,,0.02573375403881073,,,,0.0428260900080204,,,,-0.046306006610393524,-0.016721211373806,,-0.021118082106113434,,0.026500821113586426,-0.030220206826925278,,,,,,,,,,,,,,,,,,,,,,,
2024-01-31,0.009682073257863522,0.0042785899713635445,,,,,,0.023185228928923607,0.02917414903640747,-0.04461643844842911,,0.032215580344200134,,,0.036548059433698654,,0.01285660918802023,,0.016484634950757027,0.01481067668646574,0.032215580344200134,,,,,,0.0054656751453876495,,,,,0.009027442894876003,,,,,,,,,,0.019937990233302116,-0.022209584712982178,,-0.011803658679127693,,,,,,,-0.008787855505943298,,,0.023285938426852226,,0.0516447052359581,,,,-0.025250768288969994,,,0.011755261570215225,,0.11259480565786362,0.07738688588142395,-0.0034865126945078373,,,-0.0028696453664451838,-0.016132667660713196,,-0.017626354470849037,,,-0.03796936199069023,0.031869180500507355,0.021499106660485268,-0.003711050609126687,,,,0.03789905831217766,0.005041619762778282,,,,,,,,0.02732299268245697,,,0.03159353882074356,,,,0.021358702331781387,,,-0.03443075343966484,-0.004836536943912506,,,,,0.0844481885433197,,,,0.04032479599118233,,,,,,,-0.0277768075466156,,-0.041215766221284866,0.013293598778545856,0.007363490294665098,,,,,,,,,,,,,,,,,,,,,,
2024-02-29,0.010746467858552933,0.008950384333729744,,,,,,0.02351115457713604,0.02744220569729805,-0.03013424016535282,,0.028629742562770844,,,0.03391337767243385,,0.011076316237449646,,0.017160629853606224,0.01184822991490364,0.028629742562770844,,,,,,0.0006825326709076762,,,,,0.0059518818743526936,0.028629742562770844,,,,,,,,,0.019296789541840553,-0.022740742191672325,,-0.00045142185990698636,,,,,,,-0.006779076531529427,,,0.019472720101475716,,0.06032124534249306,,,,-0.02631780505180359,,,0.011326123960316181,,0.11756294965744019,0.0786893218755722,-0.0010164183331653476,,,-0.0054266261868178844,-0.018047409132122993,,-0.018430635333061218,,,-0.03406287357211113,0.04001237452030182,0.018164312466979027,0.006659963168203831,,,,0.08909253776073456,0.009335745126008987,,,0.03248206898570061,,,,,0.03883994370698929,,,0.03003540076315403,,0.032749347388744354,,0.033742647618055344,,,-0.03350438177585602,-0.004375587683171034,,,,,0.08990970253944397,,,,0.04028165712952614,,,,,,,-0.019801951944828033,,0.01848532445728779,0.02268296107649803,0.043369196355342865,-0.03662392497062683,,,,,,,,,,,,,,,,,,,,,
2024-03-31,-0.008680073544383049,-0.007328353822231293,,,,,,0.02140740491449833,-0.0023636696860194206,0.1351022869348526,,0.014120161533355713,,,0.03723016381263733,,0.04211286082863808,,0.00527670094743371,0.011482888832688332,0.0070129320956766605,,,,,,0.005568892695009708,,,,0.07679188996553421,0.0665208250284195,0.04252830520272255,,,,,,,,,0.05233299359679222,0.05223630741238594,,0.012970787473022938,,,,,,,,,,0.025286005809903145,,-0.02479689009487629,,,,0.003143476089462638,,,-0.004743909928947687,,-0.030907051637768745,,-0.01756693795323372,,,0.0162294153124094,-0.0033694838639348745,,0.09906196594238281,,,0.03673762455582619,0.045546967536211014,0.015717357397079468,0.009049574844539165,,,,,-0.018547236919403076,,,-0.010911832563579082,,,,,-0.03075353056192398,,,0.0067638615146279335,,0.023486139252781868,,-0.03053973987698555,,,-0.09789326041936874,0.0972822904586792,,,,,0.00963064655661583,,,,-0.03527270257472992,,,,,,,-0.0707005187869072,,-0.009860585443675518,-0.026248537003993988,,0.059340354055166245,0.02813868038356304,0.004218317102640867,0.13554096221923828,,,,,,,,,,,,,,,,,,
2024-04-30,-0.04799951985478401,-0.07354778796434402,,,,,,-0.09106067568063736,0.01932169683277607,-0.10157305747270584,,-0.08022726327180862,-0.09782768785953522,,0.0066189393401145935,,-0.11399094760417938,,-0.11740679293870926,-0.08214596658945084,-0.0016398101579397917,,,,,,-0.18736538290977478,,,,-0.07751020789146423,-0.07827680557966232,-0.1201198399066925,,,,,,,,,-0.08479532599449158,-0.08372325450181961,,-0.1332663595676422,,,,,,,,,,-0.12685774266719818,,-0.08484967052936554,,,,-0.11246713250875473,,,-0.08585629612207413,,-0.1242927610874176,,-0.12463459372520447,,,-0.12418185919523239,-0.09508795291185379,,-0.12544338405132294,,,-0.12436757236719131,-0.04229624941945076,-0.0909455195069313,-0.08956814557313919,,,,,-0.02584691159427166,,,-0.08505909889936447,,,,,-0.09189846366643906,,,-0.06471338868141174,,-0.1138206496834755,,-0.02526327222585678,,,0.005058136768639088,-0.1060754582285881,,,,,,,,,-0.06062819063663483,,,,,,,0.0018055761465802789,,-0.10311325639486313,0.0013359617441892624,,-0.023805217817425728,-0.05962205305695534,-0.07572804391384125,-0.10474300384521484,-0.09823935478925705,,,,,,,,,,,,,,,,,
2024-05-31,0.0026729004457592964,0.014949861913919449,,,,,,-0.005247863475233316,-0.017741350457072258,-0.006726721301674843,,-0.04324633628129959,0.002718320582062006,,0.026482509449124336,,-0.0010990414302796125,,0.006121815647929907,0.002243264578282833,-0.01792297698557377,,,,,,-0.00567777780815959,,,,-0.025339968502521515,-0.004177094902843237,-0.02516438439488411,,,,,,,,,-0.03358461335301399,-0.06253531575202942,,0.04943467304110527,,,,,,,,,,0.020129770040512085,,-0.03129825368523598,,,,0.0030007287859916687,,,-0.0581594780087471,,-0.0003112885169684887,,-0.04566140100359917,,,-0.016154708340764046,0.02448781207203865,,-0.05782273784279823,,,,-0.030707426369190216,-0.0027125426568090916,0.015523293055593967,,,,,0.052534256130456924,,,-0.04181985557079315,,,,,-0.029569579288363457,,,,,,,-0.02363860234618187,,,-0.06253531575202942,-0.02165284752845764,,-0.05791537091135979,,,,,,,-0.018530890345573425,-0.02481006644666195,,,,,,-0.019872620701789856,,0.07358471304178238,-0.06980343163013458,,0.0534789115190506,-0.015455269254744053,0.047896917909383774,-0.006726721301674843,0.06888382136821747,-0.039027731865644455,,,,,,,,,,,,,,,,
2024-06-30,-0.014909831807017326,-0.04129878059029579,,,,,,-0.04612988978624344,0.01520038116723299,-0.07079178094863892,,-0.027705315500497818,-0.03107689693570137,,-0.02267078496515751,,-0.04129878059029579,,-0.03308472782373428,-0.005051529034972191,0.0002182501193601638,,,,,,-0.02043755352497101,,,,-0.016889549791812897,-0.044115591794252396,-0.05342194065451622,,,,,,,,,-0.044115591794252396,-0.0897742286324501,,-0.017016366124153137,,,,,,,,,,,,-0.03733815252780914,,,,-0.030136147513985634,-0.04324595630168915,,-0.06939215213060379,,-0.0465058758854866,,-0.06031559035181999,,,-0.004829075653105974,-0.06823934614658356,,-0.0857989639043808,,,,-0.06589381396770477,-0.03192860260605812,-0.009282272309064865,,,,,-0.02328629605472088,,,-0.03600531071424484,,,,,-0.09627917408943176,,,,,,,-0.051842495799064636,,,-0.08249262720346451,-0.08275716751813889,,-0.10754790902137756,,-0.07517476379871368,,,,,-0.04371079429984093,-0.1417744755744934,,,,,,-0.03543206304311752,-0.09283802658319473,-0.04818682372570038,-0.05315295606851578,,-0.01985533908009529,-0.06337282806634903,-0.011030199937522411,-0.04469027370214462,,-0.020581796765327454,-0.09813236445188522,,,,,,,,,,,,,,,
2024-07-31,0.024542205035686493,-0.01264970377087593,,,,,,-0.017409954220056534,0.04129864647984505,0.035575076937675476,,0.013129400089383125,,,0.0271652452647686,,,,8.365937537746504e-05,-8.184593025362119e-05,0.010077593848109245,,,,,,,,,,,0.008326906710863113,0.04955385997891426,,,,,,,,,-0.0345894880592823,0.034444745630025864,,-0.035498570650815964,,,,,,,,,,,,-0.0009469464421272278,,,,-0.014893622137606144,0.037007320672273636,,-0.010912195779383183,,-0.037981513887643814,,-0.012024404481053352,,,-0.010311692953109741,-0.019062859937548637,,,,,,-0.026199329644441605,-0.008909950964152813,-0.05159269645810127,,,,,0.007633922155946493,,,-0.022828208282589912,,,,,-0.042761608958244324,,,,,,,-0.00838166382163763,,,-0.015249166637659073,-0.01475758757442236,,-0.05259450897574425,,-0.03726663812994957,,,,,-0.01363042276352644,0.03147757425904274,,,,,,0.026559775695204735,-0.03681370988488197,-0.03636077418923378,-0.06068390607833862,,0.011957916431128979,-0.02121185138821602,-0.002757452195510268,-0.07854748517274857,,0.018476856872439384,-0.06626750528812408,-0.05104230344295502,-0.03921140357851982,,,,,,,,,,,,,
2024-08-31,-0.011551798321306705,-0.08544286340475082,,,,,,-0.06146978214383125,0.014458181336522102,-0.09585177153348923,,-0.04239530488848686,,,-0.01628357544541359,,,,-0.03976285457611084,-0.004917785990983248,-0.035937003791332245,,,,,,,,,,,-0.06436154991388321,,,,,,,,,,-0.06778629124164581,-0.09339196234941483,,-0.08390390127897263,,,,,,,,,,,,-0.07485105842351913,,,,-0.04337575286626816,-0.08504853397607803,,-0.030229676514863968,,-0.07524256408214569,,-0.05987401306629181,,,-0.06485637277364731,-0.07028519362211227,,,,,,-0.08390390127897263,-0.04850777983665466,-0.07368967682123184,,,,,,,,-0.07240107655525208,,,,,-0.08544286340475082,,,,,,,-0.07902112603187561,,,0.06595709919929504,,,-0.04106814041733742,,,,,,,-0.07757667452096939,,,,,,,-0.025969229638576508,,-0.07040690630674362,-0.03168436512351036,,0.008396253921091557,-0.06743867695331573,-0.0907040536403656,,,-0.09807620197534561,-0.09556823968887329,-0.09445290267467499,-0.09681139141321182,-0.09515650570392609,,,,,,,,,,,,
2024-09-30,0.031805314123630524,-0.07685579359531403,,,,,,0.05973460525274277,0.02375292219221592,-0.012676302343606949,,0.048595502972602844,,,0.04530128464102745,,0.02100742608308792,,0.06236457824707031,0.04760630801320076,0.027125054970383644,,,,,,,,,,,0.0253919567912817,,,,,,,,,,0.042187727987766266,-0.0473821647465229,,-0.016439972445368767,,,,,,,,,,,,0.05170837417244911,,,,0.046266209334135056,0.03062979318201542,,0.059976495802402496,,0.0073088426142930984,,0.016756940633058548,,,0.0075983284041285515,0.056544866412878036,,,,,,-0.015817834064364433,-0.017733993008732796,-0.03403625264763832,,,,,,,,0.03548629954457283,,,,,-0.0008273035055026412,,,,,,,0.01188754104077816,,,-0.01801609992980957,,,-0.09888871014118195,,,,,,,0.011393234133720398,,,,,,,0.035999249666929245,,-0.013738187961280346,-0.017350628972053528,,-0.027877986431121826,-0.009374226443469524,-0.04498438537120819,,,-0.07505523413419724,0.010324911214411259,-0.014982438646256924,-0.015151888132095337,-0.009031813591718674,-0.0034228721633553505,,,,,,,,,,,
2024-10-31,0.025857556611299515,,,,,,,0.0033349592704325914,0.00848850142210722,-0.0252364668995142,,,,,0.034938689321279526,,-0.019514400511980057,,0.004692654125392437,-0.012385900132358074,0.013657862320542336,,,,,,,,,,,-0.02338765189051628,,,,,,,,,,-0.0013070523273199797,-0.0400344617664814,,-0.00919518806040287,,,,,,,,,,,,0.03034738264977932,,,,-0.005685002077370882,-0.006803999189287424,,-0.022275280207395554,,0.01875993423163891,,-0.05138663575053215,,,0.01901813969016075,-0.013575159944593906,,,,,,-0.028150958940386772,0.003930544015020132,0.005304337944835424,,,,,-0.05822811275720596,,,-0.04232550412416458,,,,,-0.015313282608985901,,,-0.09206179529428482,,,,-0.0038036371115595102,,,-0.03057103417813778,,,0.08278670161962509,,,,,,,0.01552274264395237,,,,,,,-0.0059694997034966946,,0.02911984734237194,-0.0226280614733696,,-0.057615719735622406,-0.01770615205168724,-0.03157623112201691,,,-0.055916983634233475,-0.03191767632961273,-0.058011941611766815,-0.043514154851436615,-0.027176564559340477,-0.018685968592762947,-0.03174193203449249,-0.04903116822242737,-0.06227077171206474,,,,,,,,
2024-11-30,-0.00026368931867182255,,,,,,,-0.0018694899044930935,0.01672024093568325,0.04705452919006348,,,,,0.042375702410936356,,0.09213260561227798,,0.07478030771017075,0.004228315781801939,0.017881164327263832,,,,,,,,,,,-0.0026434140745550394,,,,,,,,-4.377439108793624e-05,,0.13924947381019592,0.0725456103682518,,0.054543573409318924,,,,,,,,,,,,0.01045052520930767,,,,0.07047285884618759,0.04195600748062134,,0.07310169190168381,,0.01907988078892231,,-0.015563128516077995,,,0.02447407878935337,0.009941142983734608,,,,,,0.014725234359502792,0.030596284195780754,0.036985497921705246,,,,,0.04171212390065193,,,0.07638990879058838,,,,,0.0023138984106481075,,,0.01714172400534153,,,,0.06837159395217896,,,0.04329591616988182,,,0.04392065107822418,,,,,,,0.02498484216630459,,,,,,,0.051484595984220505,,0.03319380059838295,0.05942337214946747,,0.08857721835374832,0.2177569419145584,0.10319260507822037,,,0.054693471640348434,-0.008877966552972794,0.024363644421100616,0.021394573152065277,-0.014252453111112118,0.08398687094449997,0.07178638130426407,0.05060074105858803,0.0808640867471695,0.048343803733587265,,,,,,,
2024-12-31,-0.0781560093164444,,,,,,-0.0726446658372879,-0.09068553894758224,-0.06152975186705589,-0.07340651750564575,,-0.07008910924196243,,,0.02591703087091446,,-0.06983314454555511,-0.06969379633665085,-0.07667723298072815,-0.0883975401520729,0.007159192580729723,,,,,,-0.07373593747615814,,,,,-0.048261091113090515,,,,,,,,-0.05798704922199249,,-0.06949994713068008,-0.07000505179166794,,-0.08491041511297226,,,,,,,,,,-0.07287810742855072,,-0.032646894454956055,,,,-0.07361570745706558,-0.09895575046539307,,-0.0807018056511879,,-0.072763592004776,,-0.0853542611002922,,,-0.05595427751541138,-0.06965959817171097,,,,,,-0.06443201005458832,-0.0653696209192276,-0.07200618088245392,,,,,-0.06191398575901985,,,-0.0885227769613266,,,,,-0.06674554944038391,,,-0.06203155219554901,,,,-0.06362035125494003,,,-0.09292067587375641,,,,,,,,,,,,,,,,,-0.07126349210739136,,-0.040796346962451935,-0.06862100213766098,,-0.06647225469350815,-0.05907892435789108,-0.06696799397468567,,,-0.08445084095001221,-0.0841018557548523,,-0.07605811953544617,-0.08557670563459396,-0.06177833676338196,,-0.08356036990880966,-0.11459137499332428,-0.07671847194433212,,,,,,,
2025-01-31,-0.0324515663087368,,,,-0.04194292053580284,,-0.0713903158903122,-0.0027660164050757885,0.024072973057627678,-0.04702219367027283,,-0.03536020964384079,-0.06402065604925156,,0.04056940972805023,,-0.03977702185511589,-0.057790275663137436,-0.028494946658611298,-0.035470765084028244,-0.009919269941747189,,-0.06159329041838646,,,,-0.0263526551425457,,,,,-0.03228946402668953,,,,,,,,0.03285715728998184,,-0.05177634581923485,-0.09347818046808243,,0.021666834130883217,,,,,,,,,,-0.07333291321992874,,-0.06507038325071335,,,,-0.055091846734285355,-0.0700092688202858,,-0.04987980052828789,,-0.045852694660425186,,-0.09371798485517502,,,-0.04598284885287285,-0.06311670690774918,,,,,,-0.04734846577048302,-0.059313490986824036,-0.0626559928059578,,,,,-0.015161504037678242,,,-0.03523346781730652,,,,,-0.01943168230354786,,,-0.06768685579299927,,,,0.011918013915419579,,,-0.04755410924553871,,,,,,,,,,,,,,,,,-0.01270135585218668,,-0.04627601429820061,-0.03981485217809677,,-0.05515642091631889,-0.018966106697916985,0.07278019189834595,,,0.05145230516791344,0.07387343794107437,,0.015180598944425583,-0.048104409128427505,,,0.09804458171129227,-0.08531460911035538,,,,,,,,
2025-02-28,-0.025093816220760345,,,,0.03396003693342209,,-0.047150108963251114,-0.0023607320617884398,0.0015944417100399733,0.048267509788274765,,-0.01954836957156658,-0.040541958063840866,,-0.03848385438323021,,-0.032172225415706635,-0.00996404979377985,-0.07452375441789627,-0.03868461772799492,-0.0228284765034914,,-0.024391496554017067,,,,-0.006573585793375969,,,,,-0.006392018869519234,,,,,,,,0.1306690275669098,,0.001034513465128839,,,,,,,,,,,,,0.04232944920659065,,-0.07401154935359955,,,,-0.02268993854522705,0.06879853457212448,,0.018681855872273445,,0.03182137757539749,,0.12671364843845367,,,0.02074247971177101,-0.00030796800274401903,,,,,,0.008098747581243515,-0.02222847007215023,-0.004274420905858278,,,,,0.054687902331352234,,,-0.012226237915456295,,,,,-0.018223099410533905,,,0.039389245212078094,,,,-0.02652471512556076,,,-0.07933314889669418,,,,,,,,,,,,,,,,,0.026347633451223373,,-0.039831068366765976,0.06670551747083664,,0.05908652022480965,-0.05853752791881561,-0.000535589933861047,,,-0.05425596609711647,0.03958125039935112,,0.08296117931604385,-0.08524062484502792,,,0.14558330178260803,0.08365627378225327,,,,,,,,
2025-03-31,-0.02899271622300148,,,,0.024434851482510567,,-0.03665044531226158,-0.0014028389705345035,0.006633602548390627,0.08336830139160156,,-0.005606272257864475,-0.05593341961503029,,-0.010459247045218945,,-0.08335308730602264,0.03795773908495903,-0.0671779215335846,-0.08051647245883942,0.014839190989732742,,,,,,0.026195945218205452,,,,,-0.04072854667901993,,,,,,,,,,0.016296174377202988,,,,,,,,,,,,,0.01978970877826214,,-0.004863363225013018,,,,-0.047994501888751984,-0.02573106437921524,,0.03742627799510956,,-0.012727517634630203,,0.06160121038556099,,,0.024186959490180016,-0.0037116282619535923,,,,,,-0.005638548638671637,-0.024130331352353096,-0.03204110264778137,,,,,,,,0.029128821566700935,,,,,0.057795941829681396,,,0.01766907051205635,,,,0.03114316426217556,,,0.0489777997136116,,,-0.013777902349829674,,,,,,,-0.041211213916540146,,,,,,,0.03397655487060547,,-0.011388839222490788,0.010168606415390968,,0.08091000467538834,-0.012209082953631878,0.025881797075271606,,,-0.08529695868492126,0.04493308067321777,-0.03698686882853508,0.034520868211984634,0.022163935005664825,,,0.10801631957292557,0.0489777997136116,,-0.05915181711316109,,,,,,
2025-04-30,0.008493482135236263,,,,-0.005011666100472212,,0.0279008150100708,-0.019016819074749947,0.04325935244560242,-0.02396162785589695,,0.021719980984926224,-0.04093340039253235,,0.052976399660110474,,0.02669093944132328,-0.014147204346954823,0.014060141518712044,0.013263138011097908,-0.02763652428984642,,,,,,-0.0062757874839007854,,,,,-0.015780018642544746,,,,,,,,,,-0.023361146450042725,,,,,,,,,,,,,,,-0.0028209718875586987,,,,0.012201474979519844,-0.033409979194402695,,-0.05824118107557297,,-0.019016819074749947,,-0.004059190861880779,,,-0.02820211462676525,-0.01191692054271698,,,,,,-0.02820211462676525,0.0059068514965474606,-0.007993130013346672,,,,,,,,,,,,,-0.02800973877310753,,,-0.024746481329202652,,,,-0.023926740512251854,,,0.025206757709383965,,,,,,,,,,0.006655849050730467,,,,,,,-0.01805681735277176,,-0.029065975919365883,-0.01475465763360262,,-0.022921457886695862,-0.1444014310836792,-0.035710278898477554,,,-0.022765859961509705,-0.02820211462676525,-0.02606753632426262,-0.06743763387203217,-0.025586986914277077,,,-0.025209296494722366,-0.030004819855093956,,0.016972269862890244,-0.1121574193239212,,,,,
2025-05-31,0.02356063388288021,,-0.025337398052215576,,-0.009670251049101353,,0.022189810872077942,0.004640829749405384,0.03185230493545532,-0.06104733794927597,,0.021029194816946983,-0.013203974813222885,,0.03285903111100197,,-0.019229305908083916,0.000379339384380728,0.009049889631569386,0.017780758440494537,0.01420961506664753,,,,,,-0.00882964301854372,,,,,0.03009863942861557,,,,,,,,,,-0.04873701557517052,,,,,,,,,,,,,,,0.03433854505419731,,,,-0.031232822686433792,0.00319308671168983,,-0.053594548255205154,,-0.033206403255462646,,-0.055660463869571686,,,0.006729734595865011,-0.013510193675756454,,,,,,-0.04775633290410042,-0.02740151435136795,-0.025337398052215576,,,,,,,,,,,,,-0.04513372480869293,,,,,-0.028526607900857925,,-0.05753791704773903,,,-0.03869590908288956,,,,,,,,,,0.03009863942861557,,,,,,,-0.0509195439517498,,0.01751953363418579,-0.06189299002289772,,-0.05888102948665619,0.0922769233584404,-0.02478027157485485,,,-0.05421046167612076,-0.054439567029476166,,-0.0521145761013031,-0.042216718196868896,,,-0.06923162937164307,-0.05753791704773903,,-0.01624341495335102,,-0.11098331958055496,,,,
2025-06-30,0.01616349071264267,,-0.036466389894485474,,-0.03928009793162346,,-0.019204946234822273,-0.03501639515161514,0.027173951268196106,-0.06913169473409653,,0.016436630859971046,,,0.03260594233870506,,-0.020198829472064972,-0.04006287083029747,-0.03088419884443283,0.01752893254160881,0.01991201378405094,,,,,,-0.04385833442211151,,,,,0.01999824307858944,,,,,,,,,,-0.011598456650972366,,,,,,,,,,,,,,,-0.008465833961963654,,,,-0.031208204105496407,-0.09094295650720596,,-0.055687323212623596,,-0.024575544521212578,,-0.028259851038455963,,,-0.04910600557923317,-0.03125773370265961,,,,,,-0.0629800334572792,-0.01981286332011223,-0.03472507745027542,,,,,-0.0726792961359024,,,-0.03328823298215866,,,,,-0.06811092048883438,,,,,-0.07191292941570282,,-0.04235139489173889,,,-0.06716109812259674,,,,,,,,,,-0.055687323212623596,,,,,,,-0.07000991702079773,,-0.07599502056837082,-0.07275078445672989,,-0.0780642107129097,0.027506481856107712,-0.05412076413631439,,,-0.018320241943001747,-0.0774543285369873,,-0.059102240949869156,-0.057970575988292694,,,-0.05524313449859619,-0.0834072083234787,,-0.01798848994076252,,,,,,
2025-07-31,0.025507032871246338,,,,-0.01698087714612484,,-0.05663766339421272,0.017295505851507187,0.07182341068983078,-0.026322707533836365,,-0.005246358457952738,,,0.040120381861925125,,0.022202523425221443,-0.05541371554136276,0.004549953155219555,-0.030441125854849815,0.03768041729927063,,,,,,-0.05597134307026863,,,,,0.04860882833600044,,,,,,,,,,-0.03650341182947159,,,,,,,,0.013348693959414959,,,,,,,0.02708454430103302,,,,-0.019395843148231506,-0.048937633633613586,,-0.02345312014222145,,0.02429070509970188,,-0.018582703545689583,,,0.035409025847911835,-0.002616420155391097,,,,,,0.005636726506054401,-0.006445412058383226,0.03037669137120247,,,,,-0.019482556730508804,,,0.008206379599869251,,,,,-0.026582108810544014,,,,,-0.012199538759887218,,-0.04140126705169678,,,-0.024945709854364395,,,,,,,,,,0.01390694547444582,,,,,,,-0.011748447082936764,,-0.055039748549461365,-0.04289426654577255,,-0.05067110061645508,0.011748189106583595,-0.03117140755057335,,,-0.03739858418703079,-0.06145143508911133,,-0.04385640099644661,-0.047341518104076385,,,-0.03694891557097435,-0.026786891743540764,,0.07144083827733994,,,-0.034252509474754333,,,
2025-08-31,-0.006279050838202238,,,,0.010309831239283085,,-0.03775838017463684,-0.0859438106417656,0.03169664368033409,-0.02829495631158352,,-0.05622502788901329,,,0.020399371162056923,,-0.013865271583199501,-0.0654735267162323,-0.06166508048772812,-0.002557524014264345,-0.06166508048772812,,,,,,-0.04120263829827309,,,,,-0.0013626186409965158,,,,,,,,,,-0.05587548390030861,,,,,,,,-0.07375191152095795,,,,,,,-0.037176333367824554,,,,-0.03999682143330574,-0.08597463369369507,,-0.06725702434778214,,-0.049307286739349365,,-0.06915535777807236,,,-0.06757355481386185,-0.04703061655163765,,,,,,-0.061037324368953705,-0.00040506315417587757,-0.048387352377176285,,,,,,,,-0.07944120466709137,,,,,-0.06227857246994972,,,,,,,-0.06227857246994972,,,-0.08865319937467575,,,,,,,,,,-0.05392805114388466,,,,,,,-0.08865319937467575,,-0.050392746925354004,-0.07931554317474365,,-0.047891128808259964,-0.05999976024031639,-0.05852260813117027,,,-0.06364593654870987,-0.06583886593580246,,-0.06769480556249619,-0.036130141466856,,,-0.08038758486509323,0.00272317579947412,,0.025099847465753555,,,0.013386609964072704,-0.06261317431926727,,
2025-09-30,0.008976493030786514,,,,-0.004474289249628782,,-0.010530436411499977,0.03616438806056976,0.03248089179396629,-0.012675540521740913,,-0.014607200399041176,,,0.010432307608425617,,-0.011600285768508911,-0.013284826651215553,0.01897161826491356,0.0003931908868253231,0.03410813957452774,,,,,,-0.009900838136672974,,,,,0.007430789526551962,,,,,,,,,,-0.01020500622689724,,,,,,,,,,,,,,,0.013098410330712795,,,,0.010432307608425617,-0.04845328629016876,,-0.032090235501527786,,-0.057265885174274445,,-0.013678139075636864,,,-0.002608323935419321,-0.014607200399041176,,,,,,-0.03937091678380966,-0.007712779566645622,-0.013284826651215553,,,,,,,,-0.01205122284591198,,,,,-0.02472217194736004,,,,,,,-0.021950047463178635,,,-0.023470725864171982,,,,,,,,,,0.008873293176293373,,,,,,,-0.014378366991877556,,-0.02160404808819294,-0.0303487665951252,,-0.07947934418916702,-0.017041388899087906,-0.02801361307501793,,,-0.02806149609386921,-0.04724491387605667,,-0.016659507527947426,-0.029383869841694832,,,-0.036645617336034775,-0.02564917877316475,-0.019566496834158897,-0.014119936153292656,,,,-0.05284447595477104,,
2025-10-31,-0.08768124878406525,,,,-0.06576910614967346,,-0.06957154721021652,-0.0981047973036766,-0.022771494463086128,0.001031268504448235,,-0.0911492332816124,,,0.011397122405469418,,-0.0725802555680275,-0.09134798496961594,-0.09402720630168915,-0.05277980491518974,-0.056214746087789536,-0.00034774336381815374,,,,,-0.07251154631376266,,,,,-0.024125665426254272,,,,,,,,,,-0.09356146305799484,,,,,,,,,,-0.16662143170833588,,,,,-0.0717485174536705,,,,-0.09501296281814575,-0.06544645875692368,,-0.04615999758243561,,-0.09464935958385468,,-0.08464431017637253,,,-0.08530445396900177,-0.07571416348218918,,,,,,-0.09644916653633118,-0.08367488533258438,-0.037163667380809784,,,,,,,,-0.03789064660668373,,,,,-0.04299202188849449,,,,,,,-0.046539556235075,,,-0.09205614775419235,,,,,,,,,,,,,,,,,-0.03789064660668373,,-0.08861428499221802,-0.07966065406799316,,-0.0947321429848671,-0.10088831931352615,-0.06991107761859894,,,-0.039664484560489655,-0.04031483829021454,,-0.07061277329921722,-0.07809286564588547,,,-0.06591223180294037,-0.09571801871061325,-0.08605917543172836,-0.08806901425123215,,,,,,
2025-11-30,-0.049875129014253616,,,,-0.0029881957452744246,,-0.027945097535848618,-0.008335679769515991,-0.015544875524938107,-0.0026953835040330887,,-0.05042817443609238,,-0.09524812549352646,-0.025238532572984695,,-1.4481644029729068e-05,-0.032556697726249695,-0.009156115353107452,-0.03293716907501221,-0.005357265006750822,-0.09279471635818481,,,,,-0.06629230827093124,,,,,-0.02508619986474514,,,,,,,,,,-0.022369524464011192,,,,,,,,,,-0.016999423503875732,,,,,-0.02933046780526638,,,,-0.0230567529797554,-0.04643326997756958,,-0.09553743153810501,,0.06209491938352585,,-1.4481644029729068e-05,,,-0.06808888167142868,-0.08669407665729523,,,,,,-0.08082146942615509,-0.0017591192154213786,-0.09336091578006744,,,,,,,,0.007453539874404669,,,,,0.002731025917455554,,,,,,,0.020344458520412445,,,-0.009318387135863304,,,,,,,,,,,,,,,,,0.014411264099180698,,0.001135818543843925,0.0168013758957386,,0.01949746534228325,0.0046562859788537025,0.017997361719608307,,,0.016840536147356033,0.014411264099180698,,-0.011748363263905048,,-0.09600997716188431,,-0.0028055026195943356,0.009563875384628773,0.0075338464230299,-0.006602502427995205,,,,,-0.1512502282857895,
2025-12-31,-0.01747620292007923,,,,-0.028570478782057762,,-0.027838220819830894,-0.027838220819830894,0.0021479828283190727,-0.05259060859680176,,-0.026801256462931633,,-0.06785618513822556,-0.01747620292007923,-0.07204432785511017,-0.019005371257662773,-0.025245800614356995,0.018575621768832207,-0.027838220819830894,-0.01747620292007923,-0.05909671261906624,,,,,-0.014041262678802013,,,,,0.0022610167507082224,,,,,,,,,,-0.017352445051074028,,,,,,,,,,0.08974894881248474,,,,,-0.020042335614562035,,,,-0.016031315550208092,-0.03312958404421806,,-0.05664974823594093,,-0.016972176730632782,,,,,-0.030535103753209114,-0.05332067981362343,,,,,,-0.03197329863905907,-0.025148330256342888,-0.07571691274642944,,,,,,,,,,,,,0.016803326085209846,,,,,,,-0.013820494525134563,,,-0.01940997503697872,,,,,,,,,,,,,,,,,-0.019895968958735466,,-0.00793542992323637,-0.009649333544075489,,-0.001478112069889903,-0.035680659115314484,-0.010289613157510757,,,0.0424528494477272,-0.06318452209234238,,0.017728231847286224,,-0.04807126522064209,,-0.03373173624277115,0.04750111699104309,,-0.01747620292007923,,,,,,
2026-01-31,-0.03869522735476494,,,,-0.04796614870429039,,-0.03204246237874031,-0.03832834213972092,0.02759566903114319,-0.05973219871520996,,-0.033287495374679565,,-0.1262464076280594,-0.012834635563194752,-0.031536541879177094,-0.04774230346083641,-0.05446529760956764,-0.04278716444969177,-0.03204246237874031,-0.01831764727830887,-0.0822107344865799,,,,,-0.026730088517069817,,,,,0.011157121509313583,-0.08549606800079346,,,,,,,,,-0.0401470772922039,,,,,,,,,,,,,,,-0.03804278373718262,,,,-0.06292040646076202,-0.0544600710272789,,-0.046904128044843674,,-0.05452354624867439,,,,,-0.03810224309563637,-0.05312386900186539,,,,,,-0.0587121807038784,-0.03048897720873356,-0.0920085608959198,,,,,,,,,,,,,-0.05780422315001488,,,,,,,-0.09299976378679276,,,-0.05442303791642189,,,,,,,,,,,,,,,,,-0.05947032943367958,,-0.05830264836549759,-0.07518994808197021,,-0.09008855372667313,-0.05640820413827896,-0.036907315254211426,,,-0.05556967481970787,-0.09523723274469376,,-0.07653813064098358,,0.022628890350461006,,-0.0774165540933609,-0.0350753553211689,,-0.03975341096520424,,,,,,-0.1477750539779663
2026-02-28,-0.04277715086936951,,,,-0.0494929738342762,,-0.05108926445245743,-0.054399196058511734,0.023698177188634872,-0.06399063020944595,,-0.054058704525232315,,-0.0494929738342762,-0.03616057708859444,,-0.05077449604868889,-0.04435918852686882,-0.06318581104278564,-0.0644635558128357,-0.054399196058511734,-0.024431871250271797,,,,,-0.04050496965646744,,,,,-0.07333885878324509,-0.07105516642332077,,,,,,,,,-0.06399063020944595,,,,,,,,,,,,,,,-0.06286896020174026,,,,-0.06168080121278763,-0.045057512819767,,-0.07145785540342331,,-0.06348143517971039,,,,,-0.054399196058511734,-0.07022576779127121,,,,,-0.02924695797264576,-0.0705268383026123,-0.05395251885056496,-0.046746060252189636,,,,,,,,,,,,,-0.07780314236879349,,,,,,,-0.027445625513792038,,,-0.027113310992717743,,,,,,,,,,,,,,,,,-0.01040391344577074,,-0.05325654521584511,-0.07258371263742447,,-0.0644635558128357,-0.07286068797111511,-0.03156008943915367,,,-0.06315670907497406,-0.03637880086898804,-0.08646543323993683,-0.05351332575082779,,-0.011777176521718502,,-0.05351332575082779,-0.020085832104086876,,-0.032398901879787445,,,,,,
2026-03-31,-0.02353459782898426,,,,-0.03154146671295166,,-0.01752859354019165,-0.036604102700948715,0.028542494401335716,-0.058087144047021866,,-0.03659171238541603,,-0.0114116370677948,-0.02353459782898426,,-0.02806127443909645,-0.029411496594548225,-0.05196831002831459,-0.022047366946935654,-0.03503502905368805,-0.07858818024396896,,,,,-0.01500362902879715,,,,,-0.02353459782898426,-0.051462020725011826,,,,,,,,,-0.02699006348848343,,,,,,,,,,,,,,,-0.04702675715088844,,,,-0.05392913892865181,-0.028696488589048386,,-0.03450682386755943,,-0.05491824820637703,,,,,-0.04491839557886124,-0.059943754225969315,,,,,-0.012723409570753574,-0.05738655477762222,-0.020577654242515564,-0.05904572084546089,,,,,,,,,,,,,-0.034478526562452316,,,,,,,0.06854063272476196,,,-0.0006560558103956282,,,,,,,,,,,,,,,,,-0.028027698397636414,,-0.03836764022707939,-0.06613865494728088,,-0.04993157833814621,-0.07402316480875015,-0.006775463465601206,,,-0.05727783218026161,,-0.0826403871178627,-0.053455859422683716,-0.04217271879315376,-0.012617823667824268,,-0.028898203745484352,-0.012647531926631927,,-0.040264736860990524,,,,,,
2026-04-30,0.03050551377236843,,,,,,0.016377372667193413,0.032114699482917786,0.03295420855283737,-0.011665030382573605,,0.014991327188909054,,-0.03334476053714752,0.027541140094399452,,0.008005999960005283,0.013952391222119331,0.004104199353605509,0.021416496485471725,0.03295420855283737,-0.014594631269574165,,,-0.062309276312589645,,-0.0016141467494890094,,,,,-0.0008232532418332994,-0.08129803836345673,,,,,,,,,0.03142930194735527,,,,,,,,,,,,,,,0.02971462532877922,,,,-0.007114040665328503,0.01769055239856243,,0.007171833887696266,,0.030148308724164963,,,,,-0.05318094789981842,0.011282854713499546,,,,,-0.057923391461372375,0.024619659408926964,0.028224609792232513,0.03132382035255432,,,,,-0.0637710765004158,,,,,,,,0.006417908705770969,,,,,,,-0.01140672154724598,,,-0.06439582258462906,,,,,,,,,,,,,,,,,-0.0019080766942352057,,0.02971462532877922,-0.007066785357892513,,-0.06226110830903053,,-0.026611408218741417,,,-0.06282988935709,,,0.013632306829094887,0.007099537644535303,-0.07810769230127335,,-0.045282032340765,-0.05408138409256935,,-0.004115804098546505,,,,,,
